"../../../Engine/Content/EditorResources/S_Actor.ubulk" 0
"../../../Engine/Content/EditorResources/S_Actor.uasset" 1
"../../../Engine/Content/EditorResources/S_Actor.uexp" 2
"../../../Engine/Content/EditorResources/S_BoxReflectionCapture.uasset" 3
"../../../Engine/Content/EditorResources/S_BoxReflectionCapture.uexp" 4
"../../../Engine/Content/EngineResources/DefaultTexture.ubulk" 5
"../../../Engine/Content/EngineResources/DefaultTexture.uasset" 6
"../../../Engine/Content/EngineResources/DefaultTexture.uexp" 7
"../../../Engine/Content/EngineResources/DefaultTextureCube.uasset" 8
"../../../Engine/Content/EngineResources/DefaultTextureCube.uexp" 9
"../../../Engine/Content/EngineResources/DefaultVolumeTexture2D.uasset" 10
"../../../Engine/Content/EngineResources/DefaultVolumeTexture2D.uexp" 11
"../../../Engine/Content/EngineResources/DefaultVolumeTexture.uasset" 12
"../../../Engine/Content/EngineResources/DefaultVolumeTexture.uexp" 13
"../../../Engine/Content/EditorResources/S_Trigger.ubulk" 14
"../../../Engine/Content/EditorResources/S_Trigger.uasset" 15
"../../../Engine/Content/EditorResources/S_Trigger.uexp" 16
"../../../Engine/Content/EditorResources/S_TriggerBox.uasset" 17
"../../../Engine/Content/EditorResources/S_TriggerBox.uexp" 18
"../../../Engine/Content/EditorResources/S_TriggerCapsule.uasset" 19
"../../../Engine/Content/EditorResources/S_TriggerCapsule.uexp" 20
"../../../Engine/Content/EditorResources/S_TriggerSphere.uasset" 21
"../../../Engine/Content/EditorResources/S_TriggerSphere.uexp" 22
"../../../Engine/Content/EngineMeshes/Sphere.ubulk" 23
"../../../Engine/Content/EngineMeshes/Sphere.uasset" 24
"../../../Engine/Content/EngineMeshes/Sphere.uexp" 25
"../../../Engine/Content/EngineResources/GradientTexture0.uasset" 26
"../../../Engine/Content/EngineResources/GradientTexture0.uexp" 27
"../../../Engine/Content/EngineResources/Black.uasset" 28
"../../../Engine/Content/EngineResources/Black.uexp" 29
"../../../Engine/Content/VREditor/LaserPointer/VR_LaserPower_01.ubulk" 30
"../../../Engine/Content/VREditor/LaserPointer/VR_LaserPower_01.uasset" 31
"../../../Engine/Content/VREditor/LaserPointer/VR_LaserPower_01.uexp" 32
"../../../Engine/Content/VREditor/TransformGizmo/TransformGizmoMaterial.uasset" 33
"../../../Engine/Content/VREditor/TransformGizmo/TransformGizmoMaterial.uexp" 34
"../../../Engine/Content/VREditor/TransformGizmo/TranslucentTransformGizmoMaterial.uasset" 35
"../../../Engine/Content/VREditor/TransformGizmo/TranslucentTransformGizmoMaterial.uexp" 36
"../../../Engine/Content/VREditor/TransformGizmo/BoundingBoxCorner.ubulk" 37
"../../../Engine/Content/VREditor/TransformGizmo/BoundingBoxCorner.uasset" 38
"../../../Engine/Content/VREditor/TransformGizmo/BoundingBoxCorner.uexp" 39
"../../../Engine/Content/VREditor/TransformGizmo/BoundingBoxEdge.ubulk" 40
"../../../Engine/Content/VREditor/TransformGizmo/BoundingBoxEdge.uasset" 41
"../../../Engine/Content/VREditor/TransformGizmo/BoundingBoxEdge.uexp" 42
"../../../Engine/Content/VREditor/TransformGizmo/Main.uasset" 43
"../../../Engine/Content/VREditor/TransformGizmo/Main.uexp" 44
"../../../Engine/Content/VREditor/TransformGizmo/Xray.uasset" 45
"../../../Engine/Content/VREditor/TransformGizmo/Xray.uexp" 46
"../../../Engine/Content/VREditor/TransformGizmo/SM_Sequencer_Node.ubulk" 47
"../../../Engine/Content/VREditor/TransformGizmo/SM_Sequencer_Node.uasset" 48
"../../../Engine/Content/VREditor/TransformGizmo/SM_Sequencer_Node.uexp" 49
"../../../Engine/Content/EditorResources/S_Solver.ubulk" 50
"../../../Engine/Content/EditorResources/S_Solver.uasset" 51
"../../../Engine/Content/EditorResources/S_Solver.uexp" 52
"../../../Engine/Content/EditorMaterials/Camera/CineMat.uasset" 53
"../../../Engine/Content/EditorMaterials/Camera/CineMat.uexp" 54
"../../../Engine/Content/EditorMaterials/Camera/MI_CineMat_Rig.uasset" 55
"../../../Engine/Content/EditorMaterials/Camera/MI_CineMat_Rig.uexp" 56
"../../../Engine/Content/EditorMeshes/Camera/SM_CraneRig_Base.ubulk" 57
"../../../Engine/Content/EditorMeshes/Camera/SM_CraneRig_Base.uasset" 58
"../../../Engine/Content/EditorMeshes/Camera/SM_CraneRig_Base.uexp" 59
"../../../Engine/Content/EditorMeshes/Camera/SM_CraneRig_Arm.ubulk" 60
"../../../Engine/Content/EditorMeshes/Camera/SM_CraneRig_Arm.uasset" 61
"../../../Engine/Content/EditorMeshes/Camera/SM_CraneRig_Arm.uexp" 62
"../../../Engine/Content/EditorMeshes/Camera/SM_CraneRig_Mount.ubulk" 63
"../../../Engine/Content/EditorMeshes/Camera/SM_CraneRig_Mount.uasset" 64
"../../../Engine/Content/EditorMeshes/Camera/SM_CraneRig_Mount.uexp" 65
"../../../Engine/Content/EditorMeshes/Camera/SM_CraneRig_Body.ubulk" 66
"../../../Engine/Content/EditorMeshes/Camera/SM_CraneRig_Body.uasset" 67
"../../../Engine/Content/EditorMeshes/Camera/SM_CraneRig_Body.uexp" 68
"../../../Engine/Content/EditorMeshes/Camera/SM_RailRig_Track.ubulk" 69
"../../../Engine/Content/EditorMeshes/Camera/SM_RailRig_Track.uasset" 70
"../../../Engine/Content/EditorMeshes/Camera/SM_RailRig_Track.uexp" 71
"../../../Engine/Content/EditorMeshes/Camera/SM_RailRig_Mount.ubulk" 72
"../../../Engine/Content/EditorMeshes/Camera/SM_RailRig_Mount.uasset" 73
"../../../Engine/Content/EditorMeshes/Camera/SM_RailRig_Mount.uexp" 74
"../../../Engine/Content/EngineMaterials/T_Default_Material_Grid_M.ubulk" 75
"../../../Engine/Content/EngineMaterials/T_Default_Material_Grid_M.uasset" 76
"../../../Engine/Content/EngineMaterials/T_Default_Material_Grid_M.uexp" 77
"../../../Engine/Content/EngineMaterials/T_Default_Material_Grid_N.ubulk" 78
"../../../Engine/Content/EngineMaterials/T_Default_Material_Grid_N.uasset" 79
"../../../Engine/Content/EngineMaterials/T_Default_Material_Grid_N.uexp" 80
"../../../Engine/Content/Functions/Engine_MaterialFunctions01/Opacity/CameraDepthFade.uasset" 81
"../../../Engine/Content/Functions/Engine_MaterialFunctions01/Opacity/CameraDepthFade.uexp" 82
"../../../Engine/Content/EngineMaterials/WorldGridMaterial.uasset" 83
"../../../Engine/Content/EngineMaterials/WorldGridMaterial.uexp" 84
"../../../Engine/Content/ArtTools/RenderToTexture/Meshes/S_1_Unit_Plane.ubulk" 85
"../../../Engine/Content/ArtTools/RenderToTexture/Meshes/S_1_Unit_Plane.uasset" 86
"../../../Engine/Content/ArtTools/RenderToTexture/Meshes/S_1_Unit_Plane.uexp" 87
"../../../Engine/Content/EditorMaterials/ParticleSystems/PSysThumbnail_NoImage.ubulk" 88
"../../../Engine/Content/EditorMaterials/ParticleSystems/PSysThumbnail_NoImage.uasset" 89
"../../../Engine/Content/EditorMaterials/ParticleSystems/PSysThumbnail_NoImage.uexp" 90
"../../../Engine/Content/EditorMaterials/ParticleSystems/PSysThumbnail_OOD.ubulk" 91
"../../../Engine/Content/EditorMaterials/ParticleSystems/PSysThumbnail_OOD.uasset" 92
"../../../Engine/Content/EditorMaterials/ParticleSystems/PSysThumbnail_OOD.uexp" 93
"../../../Engine/Content/EditorLandscapeResources/SplineEditorMeshMat.uasset" 94
"../../../Engine/Content/EditorLandscapeResources/SplineEditorMeshMat.uexp" 95
"../../../Engine/Content/EditorLandscapeResources/SplineEditorMesh.ubulk" 96
"../../../Engine/Content/EditorLandscapeResources/SplineEditorMesh.uasset" 97
"../../../Engine/Content/EditorLandscapeResources/SplineEditorMesh.uexp" 98
"../../../Engine/Plugins/Media/MediaPlate/Content/SM_MediaPlateScreen.ubulk" 99
"../../../Engine/Plugins/Media/MediaPlate/Content/SM_MediaPlateScreen.uasset" 100
"../../../Engine/Plugins/Media/MediaPlate/Content/SM_MediaPlateScreen.uexp" 101
"../../../Engine/Content/EngineMaterials/DefaultBokeh.uasset" 102
"../../../Engine/Content/EngineMaterials/DefaultBokeh.uexp" 103
"../../../Engine/Content/EngineMaterials/MiniFont.uasset" 104
"../../../Engine/Content/EngineMaterials/MiniFont.uexp" 105
"../../../Engine/Content/EngineMaterials/WeightMapPlaceholderTexture.uasset" 106
"../../../Engine/Content/EngineMaterials/WeightMapPlaceholderTexture.uexp" 107
"../../../Engine/Content/EngineMaterials/WeightMapArrayPlaceholderTexture.uasset" 108
"../../../Engine/Content/EngineMaterials/WeightMapArrayPlaceholderTexture.uexp" 109
"../../../Engine/Content/EngineMaterials/DefaultWhiteGrid.ubulk" 110
"../../../Engine/Content/EngineMaterials/DefaultWhiteGrid.uasset" 111
"../../../Engine/Content/EngineMaterials/DefaultWhiteGrid.uexp" 112
"../../../Engine/Content/EngineMaterials/PreintegratedSkinBRDF.uasset" 113
"../../../Engine/Content/EngineMaterials/PreintegratedSkinBRDF.uexp" 114
"../../../Engine/Content/Functions/Engine_MaterialFunctions02/WorldPositionOffset/CameraOffset.uasset" 115
"../../../Engine/Content/Functions/Engine_MaterialFunctions02/WorldPositionOffset/CameraOffset.uexp" 116
"../../../Engine/Plugins/Animation/ControlRig/Content/M_Manip.uasset" 117
"../../../Engine/Plugins/Animation/ControlRig/Content/M_Manip.uexp" 118
"../../../Engine/Plugins/Animation/ACLPlugin/Content/ACLAnimCurveCompressionSettings.uasset" 119
"../../../Engine/Plugins/Animation/ACLPlugin/Content/ACLAnimCurveCompressionSettings.uexp" 120
"../../../Engine/Plugins/Animation/ACLPlugin/Content/ACLAnimBoneCompressionSettings.uasset" 121
"../../../Engine/Plugins/Animation/ACLPlugin/Content/ACLAnimBoneCompressionSettings.uexp" 122
"../../../Engine/Plugins/2D/Paper2D/Content/PlaceholderTextures/DummySpriteTexture.ubulk" 123
"../../../Engine/Plugins/2D/Paper2D/Content/PlaceholderTextures/DummySpriteTexture.uasset" 124
"../../../Engine/Plugins/2D/Paper2D/Content/PlaceholderTextures/DummySpriteTexture.uexp" 125
"../../../Engine/Plugins/2D/Paper2D/Content/DefaultSpriteMaterial.uasset" 126
"../../../Engine/Plugins/2D/Paper2D/Content/DefaultSpriteMaterial.uexp" 127
"../../../Engine/Plugins/2D/Paper2D/Content/OpaqueUnlitSpriteMaterial.uasset" 128
"../../../Engine/Plugins/2D/Paper2D/Content/OpaqueUnlitSpriteMaterial.uexp" 129
"../../../Engine/Plugins/2D/Paper2D/Content/MaskedUnlitSpriteMaterial.uasset" 130
"../../../Engine/Plugins/2D/Paper2D/Content/MaskedUnlitSpriteMaterial.uexp" 131
"../../../Engine/Plugins/2D/Paper2D/Content/DummySprite.uasset" 132
"../../../Engine/Plugins/2D/Paper2D/Content/DummySprite.uexp" 133
"../../../Engine/Plugins/2D/Paper2D/Content/DefaultPaperTerrainMaterial.uasset" 134
"../../../Engine/Plugins/2D/Paper2D/Content/DefaultPaperTerrainMaterial.uexp" 135
"C:/Users/b019810m/Documents/GitHub/ProjectCPPforGamesDesigners/CPPForGamesDesigners/CPPforGamesDesigners/Content/Level/DarkGreen.uasset" 136
"C:/Users/b019810m/Documents/GitHub/ProjectCPPforGamesDesigners/CPPForGamesDesigners/CPPforGamesDesigners/Content/Level/DarkGreen.uexp" 137
"C:/Users/b019810m/Documents/GitHub/ProjectCPPforGamesDesigners/CPPForGamesDesigners/CPPforGamesDesigners/Content/Models/Tree.ubulk" 138
"C:/Users/b019810m/Documents/GitHub/ProjectCPPforGamesDesigners/CPPForGamesDesigners/CPPforGamesDesigners/Content/Models/Tree.uasset" 139
"C:/Users/b019810m/Documents/GitHub/ProjectCPPforGamesDesigners/CPPForGamesDesigners/CPPforGamesDesigners/Content/Models/Tree.uexp" 140
"C:/Users/b019810m/Documents/GitHub/ProjectCPPforGamesDesigners/CPPForGamesDesigners/CPPforGamesDesigners/Content/Models/TreeTerrain.uasset" 141
"C:/Users/b019810m/Documents/GitHub/ProjectCPPforGamesDesigners/CPPForGamesDesigners/CPPforGamesDesigners/Content/Models/TreeTerrain.uexp" 142
"C:/Users/b019810m/Documents/GitHub/ProjectCPPforGamesDesigners/CPPForGamesDesigners/CPPforGamesDesigners/Content/UserInterface/WBP_PackageCountDisplay.uasset" 143
"C:/Users/b019810m/Documents/GitHub/ProjectCPPforGamesDesigners/CPPForGamesDesigners/CPPforGamesDesigners/Content/UserInterface/WBP_PackageCountDisplay.uexp" 144
"C:/Users/b019810m/Documents/GitHub/ProjectCPPforGamesDesigners/CPPForGamesDesigners/CPPforGamesDesigners/Content/Characters/ModelsPlayerCharacter/SingleMesh/C++_Player_Character_Skeleton.uasset" 145
"C:/Users/b019810m/Documents/GitHub/ProjectCPPforGamesDesigners/CPPForGamesDesigners/CPPforGamesDesigners/Content/Characters/ModelsPlayerCharacter/SingleMesh/C++_Player_Character_Skeleton.uexp" 146
"C:/Users/b019810m/Documents/GitHub/ProjectCPPforGamesDesigners/CPPForGamesDesigners/CPPforGamesDesigners/Content/Characters/ModelsPlayerCharacter/SingleMesh/C++_Player_Character_PhysicsAsset.uasset" 147
"C:/Users/b019810m/Documents/GitHub/ProjectCPPforGamesDesigners/CPPForGamesDesigners/CPPforGamesDesigners/Content/Characters/ModelsPlayerCharacter/SingleMesh/C++_Player_Character_PhysicsAsset.uexp" 148
"C:/Users/b019810m/Documents/GitHub/ProjectCPPforGamesDesigners/CPPForGamesDesigners/CPPforGamesDesigners/Content/Characters/ModelsPlayerCharacter/SingleMesh/C++_Player_Character.uasset" 149
"C:/Users/b019810m/Documents/GitHub/ProjectCPPforGamesDesigners/CPPForGamesDesigners/CPPforGamesDesigners/Content/Characters/ModelsPlayerCharacter/SingleMesh/C++_Player_Character.uexp" 150
"C:/Users/b019810m/Documents/GitHub/ProjectCPPforGamesDesigners/CPPForGamesDesigners/CPPforGamesDesigners/Content/WBP_ABC.uasset" 151
"C:/Users/b019810m/Documents/GitHub/ProjectCPPforGamesDesigners/CPPForGamesDesigners/CPPforGamesDesigners/Content/WBP_ABC.uexp" 152
"C:/Users/b019810m/Documents/GitHub/ProjectCPPforGamesDesigners/CPPForGamesDesigners/CPPforGamesDesigners/Content/ThirdPerson/Input/Actions/IA_Look.uasset" 153
"C:/Users/b019810m/Documents/GitHub/ProjectCPPforGamesDesigners/CPPForGamesDesigners/CPPforGamesDesigners/Content/ThirdPerson/Input/Actions/IA_Look.uexp" 154
"C:/Users/b019810m/Documents/GitHub/ProjectCPPforGamesDesigners/CPPForGamesDesigners/CPPforGamesDesigners/Content/ThirdPerson/Input/Actions/IA_Move.uasset" 155
"C:/Users/b019810m/Documents/GitHub/ProjectCPPforGamesDesigners/CPPForGamesDesigners/CPPforGamesDesigners/Content/ThirdPerson/Input/Actions/IA_Move.uexp" 156
"C:/Users/b019810m/Documents/GitHub/ProjectCPPforGamesDesigners/CPPForGamesDesigners/CPPforGamesDesigners/Content/ThirdPerson/Input/IMC_Default.uasset" 157
"C:/Users/b019810m/Documents/GitHub/ProjectCPPforGamesDesigners/CPPForGamesDesigners/CPPforGamesDesigners/Content/ThirdPerson/Input/IMC_Default.uexp" 158
"C:/Users/b019810m/Documents/GitHub/ProjectCPPforGamesDesigners/CPPForGamesDesigners/CPPforGamesDesigners/Content/Characters/BP_PlayerCharacter.uasset" 159
"C:/Users/b019810m/Documents/GitHub/ProjectCPPforGamesDesigners/CPPForGamesDesigners/CPPforGamesDesigners/Content/Characters/BP_PlayerCharacter.uexp" 160
"../../../Engine/Plugins/Runtime/MeshModelingToolset/Content/Materials/M_DynamicMeshComponentVtxColor.uasset" 161
"../../../Engine/Plugins/Runtime/MeshModelingToolset/Content/Materials/M_DynamicMeshComponentVtxColor.uexp" 162
"../../../Engine/Plugins/Interchange/Runtime/Content/Pipelines/DefaultTexturePipeline.uasset" 163
"../../../Engine/Plugins/Interchange/Runtime/Content/Pipelines/DefaultTexturePipeline.uexp" 164
"../../../Engine/Plugins/Interchange/Runtime/Content/Pipelines/DefaultSceneLevelPipeline.uasset" 165
"../../../Engine/Plugins/Interchange/Runtime/Content/Pipelines/DefaultSceneLevelPipeline.uexp" 166
"../../../Engine/Plugins/Interchange/Runtime/Content/Pipelines/DefaultSceneAssetsPipeline.uasset" 167
"../../../Engine/Plugins/Interchange/Runtime/Content/Pipelines/DefaultSceneAssetsPipeline.uexp" 168
"../../../Engine/Plugins/Interchange/Runtime/Content/Pipelines/DefaultMaterialXPipeline.uasset" 169
"../../../Engine/Plugins/Interchange/Runtime/Content/Pipelines/DefaultMaterialXPipeline.uexp" 170
"../../../Engine/Plugins/Interchange/Runtime/Content/Pipelines/DefaultMaterialPipeline.uasset" 171
"../../../Engine/Plugins/Interchange/Runtime/Content/Pipelines/DefaultMaterialPipeline.uexp" 172
"../../../Engine/Plugins/Interchange/Runtime/Content/Pipelines/DefaultGLTFSceneAssetsPipeline.uasset" 173
"../../../Engine/Plugins/Interchange/Runtime/Content/Pipelines/DefaultGLTFSceneAssetsPipeline.uexp" 174
"../../../Engine/Plugins/Interchange/Runtime/Content/Pipelines/DefaultGLTFPipeline.uasset" 175
"../../../Engine/Plugins/Interchange/Runtime/Content/Pipelines/DefaultGLTFPipeline.uexp" 176
"../../../Engine/Plugins/Interchange/Runtime/Content/Pipelines/DefaultGLTFAssetsPipeline.uasset" 177
"../../../Engine/Plugins/Interchange/Runtime/Content/Pipelines/DefaultGLTFAssetsPipeline.uexp" 178
"../../../Engine/Plugins/Interchange/Runtime/Content/Pipelines/DefaultAssetsPipeline.uasset" 179
"../../../Engine/Plugins/Interchange/Runtime/Content/Pipelines/DefaultAssetsPipeline.uexp" 180
"../../../Engine/Plugins/Interchange/Runtime/Content/Functions/MX_UsdPreviewSurface.uasset" 181
"../../../Engine/Plugins/Interchange/Runtime/Content/Functions/MX_UsdPreviewSurface.uexp" 182
"../../../Engine/Plugins/Interchange/Runtime/Content/Functions/MX_UniformEDF.uasset" 183
"../../../Engine/Plugins/Interchange/Runtime/Content/Functions/MX_UniformEDF.uexp" 184
"../../../Engine/Plugins/Interchange/Runtime/Content/Functions/MX_TranslucentBSDF.uasset" 185
"../../../Engine/Plugins/Interchange/Runtime/Content/Functions/MX_TranslucentBSDF.uexp" 186
"../../../Engine/Plugins/Interchange/Runtime/Content/Functions/MX_ThinFilmBSDF.uasset" 187
"../../../Engine/Plugins/Interchange/Runtime/Content/Functions/MX_ThinFilmBSDF.uexp" 188
"../../../Engine/Plugins/Interchange/Runtime/Content/Functions/MX_SurfaceUnlit.uasset" 189
"../../../Engine/Plugins/Interchange/Runtime/Content/Functions/MX_SurfaceUnlit.uexp" 190
"../../../Engine/Plugins/Interchange/Runtime/Content/Functions/MX_Surface.uasset" 191
"../../../Engine/Plugins/Interchange/Runtime/Content/Functions/MX_Surface.uexp" 192
"../../../Engine/Plugins/Interchange/Runtime/Content/Functions/MX_SubsurfaceBSDF.uasset" 193
"../../../Engine/Plugins/Interchange/Runtime/Content/Functions/MX_SubsurfaceBSDF.uexp" 194
"../../../Engine/Plugins/Interchange/Runtime/Content/Functions/MX_SheenBSDF.uasset" 195
"../../../Engine/Plugins/Interchange/Runtime/Content/Functions/MX_SheenBSDF.uexp" 196
"../../../Engine/Plugins/Interchange/Runtime/Content/Functions/MX_OrenNayarBSDF.uasset" 197
"../../../Engine/Plugins/Interchange/Runtime/Content/Functions/MX_OrenNayarBSDF.uexp" 198
"../../../Engine/Content/Functions/Engine_MaterialFunctions02/Utility/CameraDirectionVector.uasset" 199
"../../../Engine/Content/Functions/Engine_MaterialFunctions02/Utility/CameraDirectionVector.uexp" 200
"../../../Engine/Content/Functions/Engine_MaterialFunctions01/Volumetrics/BeersLaw.uasset" 201
"../../../Engine/Content/Functions/Engine_MaterialFunctions01/Volumetrics/BeersLaw.uexp" 202
"../../../Engine/Content/EngineMaterials/Good64x64TilingNoiseHighFreq.uasset" 203
"../../../Engine/Content/EngineMaterials/Good64x64TilingNoiseHighFreq.uexp" 204
"../../../Engine/Content/Functions/Engine_MaterialFunctions02/Texturing/ScreenAlignedPixelToPixelUVs.uasset" 205
"../../../Engine/Content/Functions/Engine_MaterialFunctions02/Texturing/ScreenAlignedPixelToPixelUVs.uexp" 206
"../../../Engine/Plugins/Interchange/Runtime/Content/gltf/MaterialFunctions/MF_Temporal_Blur.uasset" 207
"../../../Engine/Plugins/Interchange/Runtime/Content/gltf/MaterialFunctions/MF_Temporal_Blur.uexp" 208
"../../../Engine/Plugins/Interchange/Runtime/Content/gltf/MaterialFunctions/MF_Fresnel_DS.uasset" 209
"../../../Engine/Plugins/Interchange/Runtime/Content/gltf/MaterialFunctions/MF_Fresnel_DS.uexp" 210
"../../../Engine/Content/Functions/Engine_MaterialFunctions02/Utility/BreakOutFloat3Components.uasset" 211
"../../../Engine/Content/Functions/Engine_MaterialFunctions02/Utility/BreakOutFloat3Components.uexp" 212
"../../../Engine/Plugins/Interchange/Runtime/Content/Functions/MX_Transmission.uasset" 213
"../../../Engine/Plugins/Interchange/Runtime/Content/Functions/MX_Transmission.uexp" 214
"../../../Engine/Plugins/Interchange/Runtime/Content/Functions/MF_OrenNayerView.uasset" 215
"../../../Engine/Plugins/Interchange/Runtime/Content/Functions/MF_OrenNayerView.uexp" 216
"../../../Engine/Plugins/Interchange/Runtime/Content/Functions/MF_SchlickApprox.uasset" 217
"../../../Engine/Plugins/Interchange/Runtime/Content/Functions/MF_SchlickApprox.uexp" 218
"../../../Engine/Plugins/Interchange/Runtime/Content/Utilities/New_LUT.uasset" 219
"../../../Engine/Plugins/Interchange/Runtime/Content/Utilities/New_LUT.uexp" 220
"../../../Engine/Content/Functions/Engine_MaterialFunctions03/Math/RemapValueRange.uasset" 221
"../../../Engine/Content/Functions/Engine_MaterialFunctions03/Math/RemapValueRange.uexp" 222
"../../../Engine/Plugins/Interchange/Runtime/Content/Functions/MF_Iridescence.uasset" 223
"../../../Engine/Plugins/Interchange/Runtime/Content/Functions/MF_Iridescence.uexp" 224
"../../../Engine/Plugins/Interchange/Runtime/Content/Functions/MX_StandardSurface.uasset" 225
"../../../Engine/Plugins/Interchange/Runtime/Content/Functions/MX_StandardSurface.uexp" 226
"../../../Engine/Plugins/Interchange/Runtime/Content/Functions/MX_TransmissionSurface.uasset" 227
"../../../Engine/Plugins/Interchange/Runtime/Content/Functions/MX_TransmissionSurface.uexp" 228
"../../../Engine/Plugins/Interchange/Runtime/Content/Functions/MX_OpenPBR_Translucent.uasset" 229
"../../../Engine/Plugins/Interchange/Runtime/Content/Functions/MX_OpenPBR_Translucent.uexp" 230
"../../../Engine/Plugins/Interchange/Runtime/Content/Functions/MX_OpenPBR_Opaque.uasset" 231
"../../../Engine/Plugins/Interchange/Runtime/Content/Functions/MX_OpenPBR_Opaque.uexp" 232
"../../../Engine/Plugins/Interchange/Runtime/Content/Functions/MX_MeasuredEDF.uasset" 233
"../../../Engine/Plugins/Interchange/Runtime/Content/Functions/MX_MeasuredEDF.uexp" 234
"../../../Engine/Plugins/Interchange/Runtime/Content/Functions/MX_GeneralizedSchlickBSDF.uasset" 235
"../../../Engine/Plugins/Interchange/Runtime/Content/Functions/MX_GeneralizedSchlickBSDF.uexp" 236
"../../../Engine/Plugins/Interchange/Runtime/Content/Functions/MX_DielectricBSDF.uasset" 237
"../../../Engine/Plugins/Interchange/Runtime/Content/Functions/MX_DielectricBSDF.uexp" 238
"../../../Engine/Plugins/Interchange/Runtime/Content/Functions/MX_ConicalEDF.uasset" 239
"../../../Engine/Plugins/Interchange/Runtime/Content/Functions/MX_ConicalEDF.uexp" 240
"../../../Engine/Plugins/Interchange/Runtime/Content/Functions/MX_ConductorBSDF.uasset" 241
"../../../Engine/Plugins/Interchange/Runtime/Content/Functions/MX_ConductorBSDF.uexp" 242
"../../../Engine/Plugins/Interchange/Runtime/Content/Functions/MX_BurleyDiffuseBSDF.uasset" 243
"../../../Engine/Plugins/Interchange/Runtime/Content/Functions/MX_BurleyDiffuseBSDF.uexp" 244
"../../../Engine/Plugins/Interchange/Runtime/Content/Functions/MX_AnisotropicVDF.uasset" 245
"../../../Engine/Plugins/Interchange/Runtime/Content/Functions/MX_AnisotropicVDF.uexp" 246
"../../../Engine/Plugins/Interchange/Runtime/Content/Functions/MX_AbsorptionVDF.uasset" 247
"../../../Engine/Plugins/Interchange/Runtime/Content/Functions/MX_AbsorptionVDF.uexp" 248
"../../../Engine/Plugins/Editor/SpeedTreeImporter/Content/SpeedTree9/game_wind_noise.ubulk" 249
"../../../Engine/Plugins/Editor/SpeedTreeImporter/Content/SpeedTree9/game_wind_noise.uasset" 250
"../../../Engine/Plugins/Editor/SpeedTreeImporter/Content/SpeedTree9/game_wind_noise.uexp" 251
"../../../Engine/Plugins/Editor/SpeedTreeImporter/Content/SpeedTree9/UnpackDirection.uasset" 252
"../../../Engine/Plugins/Editor/SpeedTreeImporter/Content/SpeedTree9/UnpackDirection.uexp" 253
"../../../Engine/Content/Functions/Engine_MaterialFunctions02/ObjectLocalBounds.uasset" 254
"../../../Engine/Content/Functions/Engine_MaterialFunctions02/ObjectLocalBounds.uexp" 255
"../../../Engine/Content/Functions/Engine_MaterialFunctions02/UVs/BoundingBoxBased_0-1_UVW.uasset" 256
"../../../Engine/Content/Functions/Engine_MaterialFunctions02/UVs/BoundingBoxBased_0-1_UVW.uexp" 257
"../../../Engine/Content/Functions/Engine_MaterialFunctions02/Utility/VectorLength.uasset" 258
"../../../Engine/Content/Functions/Engine_MaterialFunctions02/Utility/VectorLength.uexp" 259
"../../../Engine/Plugins/Editor/SpeedTreeImporter/Content/SpeedTree9/UnpackInteger3.uasset" 260
"../../../Engine/Plugins/Editor/SpeedTreeImporter/Content/SpeedTree9/UnpackInteger3.uexp" 261
"../../../Engine/Plugins/Editor/SpeedTreeImporter/Content/SpeedTree9/SpeedTreeCameraFacing.uasset" 262
"../../../Engine/Plugins/Editor/SpeedTreeImporter/Content/SpeedTree9/SpeedTreeCameraFacing.uexp" 263
"../../../Engine/Content/Functions/Engine_MaterialFunctions02/WorldPositionOffset/ObjectScale.uasset" 264
"../../../Engine/Content/Functions/Engine_MaterialFunctions02/WorldPositionOffset/ObjectScale.uexp" 265
"../../../Engine/Content/Functions/Engine_MaterialFunctions02/SafeNormalize.uasset" 266
"../../../Engine/Content/Functions/Engine_MaterialFunctions02/SafeNormalize.uexp" 267
"../../../Engine/Plugins/Editor/SpeedTreeImporter/Content/SpeedTree9/SpeedTreeWindMotion.uasset" 268
"../../../Engine/Plugins/Editor/SpeedTreeImporter/Content/SpeedTree9/SpeedTreeWindMotion.uexp" 269
"../../../Engine/Plugins/Editor/SpeedTreeImporter/Content/SpeedTree9/SpeedTreeBranchMotion.uasset" 270
"../../../Engine/Plugins/Editor/SpeedTreeImporter/Content/SpeedTree9/SpeedTreeBranchMotion.uexp" 271
"../../../Engine/Plugins/Editor/SpeedTreeImporter/Content/SpeedTree9/SpeedTreeWind.uasset" 272
"../../../Engine/Plugins/Editor/SpeedTreeImporter/Content/SpeedTree9/SpeedTreeWind.uexp" 273
"../../../Engine/Plugins/Editor/SpeedTreeImporter/Content/SpeedTree9/EmptyNormal.uasset" 274
"../../../Engine/Plugins/Editor/SpeedTreeImporter/Content/SpeedTree9/EmptyNormal.uexp" 275
"../../../Engine/Plugins/Editor/SpeedTreeImporter/Content/SpeedTree9/Empty.uasset" 276
"../../../Engine/Plugins/Editor/SpeedTreeImporter/Content/SpeedTree9/Empty.uexp" 277
"../../../Engine/Plugins/Editor/SpeedTreeImporter/Content/SpeedTree9/SpeedTreeMaster.uasset" 278
"../../../Engine/Plugins/Editor/SpeedTreeImporter/Content/SpeedTree9/SpeedTreeMaster.uexp" 279
"../../../Engine/Plugins/Editor/SpeedTreeImporter/Content/SpeedTree9/SpeedTreeBillboard.uasset" 280
"../../../Engine/Plugins/Editor/SpeedTreeImporter/Content/SpeedTree9/SpeedTreeBillboard.uexp" 281
"../../../Engine/Plugins/Editor/SpeedTreeImporter/Content/SpeedTree9/SpeedTreeBillboardMaster.uasset" 282
"../../../Engine/Plugins/Editor/SpeedTreeImporter/Content/SpeedTree9/SpeedTreeBillboardMaster.uexp" 283
"../../../Engine/Plugins/Animation/ControlRig/Content/Controls/ControlRig_Wedge_solid.ubulk" 284
"../../../Engine/Plugins/Animation/ControlRig/Content/Controls/ControlRig_Wedge_solid.uasset" 285
"../../../Engine/Plugins/Animation/ControlRig/Content/Controls/ControlRig_Wedge_solid.uexp" 286
"../../../Engine/Plugins/Animation/ControlRig/Content/Controls/ControlRig_Wedge_3mm.ubulk" 287
"../../../Engine/Plugins/Animation/ControlRig/Content/Controls/ControlRig_Wedge_3mm.uasset" 288
"../../../Engine/Plugins/Animation/ControlRig/Content/Controls/ControlRig_Wedge_3mm.uexp" 289
"../../../Engine/Plugins/Animation/ControlRig/Content/Controls/ControlRig_Wedge_1mm.ubulk" 290
"../../../Engine/Plugins/Animation/ControlRig/Content/Controls/ControlRig_Wedge_1mm.uasset" 291
"../../../Engine/Plugins/Animation/ControlRig/Content/Controls/ControlRig_Wedge_1mm.uexp" 292
"../../../Engine/Plugins/Animation/ControlRig/Content/Controls/ControlRig_Triangle_solid.ubulk" 293
"../../../Engine/Plugins/Animation/ControlRig/Content/Controls/ControlRig_Triangle_solid.uasset" 294
"../../../Engine/Plugins/Animation/ControlRig/Content/Controls/ControlRig_Triangle_solid.uexp" 295
"../../../Engine/Plugins/Animation/ControlRig/Content/Controls/ControlRig_Triangle_3mm.ubulk" 296
"../../../Engine/Plugins/Animation/ControlRig/Content/Controls/ControlRig_Triangle_3mm.uasset" 297
"../../../Engine/Plugins/Animation/ControlRig/Content/Controls/ControlRig_Triangle_3mm.uexp" 298
"../../../Engine/Plugins/Animation/ControlRig/Content/Controls/ControlRig_Triangle_1mm.ubulk" 299
"../../../Engine/Plugins/Animation/ControlRig/Content/Controls/ControlRig_Triangle_1mm.uasset" 300
"../../../Engine/Plugins/Animation/ControlRig/Content/Controls/ControlRig_Triangle_1mm.uexp" 301
"../../../Engine/Plugins/Animation/ControlRig/Content/Controls/ControlRig_Star4_solid.ubulk" 302
"../../../Engine/Plugins/Animation/ControlRig/Content/Controls/ControlRig_Star4_solid.uasset" 303
"../../../Engine/Plugins/Animation/ControlRig/Content/Controls/ControlRig_Star4_solid.uexp" 304
"../../../Engine/Plugins/Animation/ControlRig/Content/Controls/ControlRig_Star4_3mm.ubulk" 305
"../../../Engine/Plugins/Animation/ControlRig/Content/Controls/ControlRig_Star4_3mm.uasset" 306
"../../../Engine/Plugins/Animation/ControlRig/Content/Controls/ControlRig_Star4_3mm.uexp" 307
"../../../Engine/Plugins/Animation/ControlRig/Content/Controls/ControlRig_Star4_1mm.ubulk" 308
"../../../Engine/Plugins/Animation/ControlRig/Content/Controls/ControlRig_Star4_1mm.uasset" 309
"../../../Engine/Plugins/Animation/ControlRig/Content/Controls/ControlRig_Star4_1mm.uexp" 310
"../../../Engine/Plugins/Animation/ControlRig/Content/Controls/ControlRig_Square_solid.ubulk" 311
"../../../Engine/Plugins/Animation/ControlRig/Content/Controls/ControlRig_Square_solid.uasset" 312
"../../../Engine/Plugins/Animation/ControlRig/Content/Controls/ControlRig_Square_solid.uexp" 313
"../../../Engine/Plugins/Animation/ControlRig/Content/Controls/ControlRig_Square_3mm.ubulk" 314
"../../../Engine/Plugins/Animation/ControlRig/Content/Controls/ControlRig_Square_3mm.uasset" 315
"../../../Engine/Plugins/Animation/ControlRig/Content/Controls/ControlRig_Square_3mm.uexp" 316
"../../../Engine/Plugins/Animation/ControlRig/Content/Controls/ControlRig_Square_1mm.ubulk" 317
"../../../Engine/Plugins/Animation/ControlRig/Content/Controls/ControlRig_Square_1mm.uasset" 318
"../../../Engine/Plugins/Animation/ControlRig/Content/Controls/ControlRig_Square_1mm.uexp" 319
"../../../Engine/Plugins/Animation/ControlRig/Content/Controls/ControlRig_Sphere_solid.ubulk" 320
"../../../Engine/Plugins/Animation/ControlRig/Content/Controls/ControlRig_Sphere_solid.uasset" 321
"../../../Engine/Plugins/Animation/ControlRig/Content/Controls/ControlRig_Sphere_solid.uexp" 322
"../../../Engine/Plugins/Animation/ControlRig/Content/Controls/ControlRig_Sphere_3mm.ubulk" 323
"../../../Engine/Plugins/Animation/ControlRig/Content/Controls/ControlRig_Sphere_3mm.uasset" 324
"../../../Engine/Plugins/Animation/ControlRig/Content/Controls/ControlRig_Sphere_3mm.uexp" 325
"../../../Engine/Plugins/Animation/ControlRig/Content/Controls/ControlRig_Sphere_1mm.ubulk" 326
"../../../Engine/Plugins/Animation/ControlRig/Content/Controls/ControlRig_Sphere_1mm.uasset" 327
"../../../Engine/Plugins/Animation/ControlRig/Content/Controls/ControlRig_Sphere_1mm.uexp" 328
"../../../Engine/Plugins/Animation/ControlRig/Content/Controls/ControlRig_RoundedTriangle_solid.ubulk" 329
"../../../Engine/Plugins/Animation/ControlRig/Content/Controls/ControlRig_RoundedTriangle_solid.uasset" 330
"../../../Engine/Plugins/Animation/ControlRig/Content/Controls/ControlRig_RoundedTriangle_solid.uexp" 331
"../../../Engine/Plugins/Animation/ControlRig/Content/Controls/ControlRig_RoundedTriangle_3mm.ubulk" 332
"../../../Engine/Plugins/Animation/ControlRig/Content/Controls/ControlRig_RoundedTriangle_3mm.uasset" 333
"../../../Engine/Plugins/Animation/ControlRig/Content/Controls/ControlRig_RoundedTriangle_3mm.uexp" 334
"../../../Engine/Plugins/Animation/ControlRig/Content/Controls/ControlRig_RoundedTriangle_1mm.ubulk" 335
"../../../Engine/Plugins/Animation/ControlRig/Content/Controls/ControlRig_RoundedTriangle_1mm.uasset" 336
"../../../Engine/Plugins/Animation/ControlRig/Content/Controls/ControlRig_RoundedTriangle_1mm.uexp" 337
"../../../Engine/Plugins/Animation/ControlRig/Content/Controls/ControlRig_RoundedSquare_solid.ubulk" 338
"../../../Engine/Plugins/Animation/ControlRig/Content/Controls/ControlRig_RoundedSquare_solid.uasset" 339
"../../../Engine/Plugins/Animation/ControlRig/Content/Controls/ControlRig_RoundedSquare_solid.uexp" 340
"../../../Engine/Plugins/Animation/ControlRig/Content/Controls/ControlRig_RoundedSquare_3mm.ubulk" 341
"../../../Engine/Plugins/Animation/ControlRig/Content/Controls/ControlRig_RoundedSquare_3mm.uasset" 342
"../../../Engine/Plugins/Animation/ControlRig/Content/Controls/ControlRig_RoundedSquare_3mm.uexp" 343
"../../../Engine/Plugins/Animation/ControlRig/Content/Controls/ControlRig_RoundedSquare_1mm.ubulk" 344
"../../../Engine/Plugins/Animation/ControlRig/Content/Controls/ControlRig_RoundedSquare_1mm.uasset" 345
"../../../Engine/Plugins/Animation/ControlRig/Content/Controls/ControlRig_RoundedSquare_1mm.uexp" 346
"../../../Engine/Plugins/Animation/ControlRig/Content/Controls/ControlRig_QuarterCircle_solid.ubulk" 347
"../../../Engine/Plugins/Animation/ControlRig/Content/Controls/ControlRig_QuarterCircle_solid.uasset" 348
"../../../Engine/Plugins/Animation/ControlRig/Content/Controls/ControlRig_QuarterCircle_solid.uexp" 349
"../../../Engine/Plugins/Animation/ControlRig/Content/Controls/ControlRig_QuarterCircle_3mm.ubulk" 350
"../../../Engine/Plugins/Animation/ControlRig/Content/Controls/ControlRig_QuarterCircle_3mm.uasset" 351
"../../../Engine/Plugins/Animation/ControlRig/Content/Controls/ControlRig_QuarterCircle_3mm.uexp" 352
"../../../Engine/Plugins/Animation/ControlRig/Content/Controls/ControlRig_QuarterCircle_1mm.ubulk" 353
"../../../Engine/Plugins/Animation/ControlRig/Content/Controls/ControlRig_QuarterCircle_1mm.uasset" 354
"../../../Engine/Plugins/Animation/ControlRig/Content/Controls/ControlRig_QuarterCircle_1mm.uexp" 355
"../../../Engine/Plugins/Animation/ControlRig/Content/Controls/ControlRig_Pyramid_solid.ubulk" 356
"../../../Engine/Plugins/Animation/ControlRig/Content/Controls/ControlRig_Pyramid_solid.uasset" 357
"../../../Engine/Plugins/Animation/ControlRig/Content/Controls/ControlRig_Pyramid_solid.uexp" 358
"../../../Engine/Plugins/Animation/ControlRig/Content/Controls/ControlRig_Pyramid_3mm.ubulk" 359
"../../../Engine/Plugins/Animation/ControlRig/Content/Controls/ControlRig_Pyramid_3mm.uasset" 360
"../../../Engine/Plugins/Animation/ControlRig/Content/Controls/ControlRig_Pyramid_3mm.uexp" 361
"../../../Engine/Plugins/Animation/ControlRig/Content/Controls/ControlRig_Pyramid_1mm.ubulk" 362
"../../../Engine/Plugins/Animation/ControlRig/Content/Controls/ControlRig_Pyramid_1mm.uasset" 363
"../../../Engine/Plugins/Animation/ControlRig/Content/Controls/ControlRig_Pyramid_1mm.uexp" 364
"../../../Engine/Plugins/Animation/ControlRig/Content/Controls/ControlRig_Octagon_solid.ubulk" 365
"../../../Engine/Plugins/Animation/ControlRig/Content/Controls/ControlRig_Octagon_solid.uasset" 366
"../../../Engine/Plugins/Animation/ControlRig/Content/Controls/ControlRig_Octagon_solid.uexp" 367
"../../../Engine/Plugins/Animation/ControlRig/Content/Controls/ControlRig_Octagon_3mm.ubulk" 368
"../../../Engine/Plugins/Animation/ControlRig/Content/Controls/ControlRig_Octagon_3mm.uasset" 369
"../../../Engine/Plugins/Animation/ControlRig/Content/Controls/ControlRig_Octagon_3mm.uexp" 370
"../../../Engine/Plugins/Animation/ControlRig/Content/Controls/ControlRig_Octagon_1mm.ubulk" 371
"../../../Engine/Plugins/Animation/ControlRig/Content/Controls/ControlRig_Octagon_1mm.uasset" 372
"../../../Engine/Plugins/Animation/ControlRig/Content/Controls/ControlRig_Octagon_1mm.uexp" 373
"../../../Engine/Plugins/Animation/ControlRig/Content/Controls/ControlRig_Hexagon_solid.ubulk" 374
"../../../Engine/Plugins/Animation/ControlRig/Content/Controls/ControlRig_Hexagon_solid.uasset" 375
"../../../Engine/Plugins/Animation/ControlRig/Content/Controls/ControlRig_Hexagon_solid.uexp" 376
"../../../Engine/Plugins/Animation/ControlRig/Content/Controls/ControlRig_Hexagon_3mm.ubulk" 377
"../../../Engine/Plugins/Animation/ControlRig/Content/Controls/ControlRig_Hexagon_3mm.uasset" 378
"../../../Engine/Plugins/Animation/ControlRig/Content/Controls/ControlRig_Hexagon_3mm.uexp" 379
"../../../Engine/Plugins/Animation/ControlRig/Content/Controls/ControlRig_Hexagon_1mm.ubulk" 380
"../../../Engine/Plugins/Animation/ControlRig/Content/Controls/ControlRig_Hexagon_1mm.uasset" 381
"../../../Engine/Plugins/Animation/ControlRig/Content/Controls/ControlRig_Hexagon_1mm.uexp" 382
"../../../Engine/Plugins/Animation/ControlRig/Content/Controls/ControlRig_HalfCircle_solid.ubulk" 383
"../../../Engine/Plugins/Animation/ControlRig/Content/Controls/ControlRig_HalfCircle_solid.uasset" 384
"../../../Engine/Plugins/Animation/ControlRig/Content/Controls/ControlRig_HalfCircle_solid.uexp" 385
"../../../Engine/Plugins/Animation/ControlRig/Content/Controls/ControlRig_HalfCircle_3mm.ubulk" 386
"../../../Engine/Plugins/Animation/ControlRig/Content/Controls/ControlRig_HalfCircle_3mm.uasset" 387
"../../../Engine/Plugins/Animation/ControlRig/Content/Controls/ControlRig_HalfCircle_3mm.uexp" 388
"../../../Engine/Plugins/Animation/ControlRig/Content/Controls/ControlRig_HalfCircle_1mm.ubulk" 389
"../../../Engine/Plugins/Animation/ControlRig/Content/Controls/ControlRig_HalfCircle_1mm.uasset" 390
"../../../Engine/Plugins/Animation/ControlRig/Content/Controls/ControlRig_HalfCircle_1mm.uexp" 391
"../../../Engine/Plugins/Animation/ControlRig/Content/Controls/ControlRig_Diamond_solid.ubulk" 392
"../../../Engine/Plugins/Animation/ControlRig/Content/Controls/ControlRig_Diamond_solid.uasset" 393
"../../../Engine/Plugins/Animation/ControlRig/Content/Controls/ControlRig_Diamond_solid.uexp" 394
"../../../Engine/Plugins/Animation/ControlRig/Content/Controls/ControlRig_Diamond_3mm.ubulk" 395
"../../../Engine/Plugins/Animation/ControlRig/Content/Controls/ControlRig_Diamond_3mm.uasset" 396
"../../../Engine/Plugins/Animation/ControlRig/Content/Controls/ControlRig_Diamond_3mm.uexp" 397
"../../../Engine/Plugins/Animation/ControlRig/Content/Controls/ControlRig_Diamond_1mm.ubulk" 398
"../../../Engine/Plugins/Animation/ControlRig/Content/Controls/ControlRig_Diamond_1mm.uasset" 399
"../../../Engine/Plugins/Animation/ControlRig/Content/Controls/ControlRig_Diamond_1mm.uexp" 400
"../../../Engine/Plugins/Animation/ControlRig/Content/Controls/ControlRig_Circle_solid.ubulk" 401
"../../../Engine/Plugins/Animation/ControlRig/Content/Controls/ControlRig_Circle_solid.uasset" 402
"../../../Engine/Plugins/Animation/ControlRig/Content/Controls/ControlRig_Circle_solid.uexp" 403
"../../../Engine/Plugins/Animation/ControlRig/Content/Controls/ControlRig_Circle_3mm.ubulk" 404
"../../../Engine/Plugins/Animation/ControlRig/Content/Controls/ControlRig_Circle_3mm.uasset" 405
"../../../Engine/Plugins/Animation/ControlRig/Content/Controls/ControlRig_Circle_3mm.uexp" 406
"../../../Engine/Plugins/Animation/ControlRig/Content/Controls/ControlRig_Circle_1mm.ubulk" 407
"../../../Engine/Plugins/Animation/ControlRig/Content/Controls/ControlRig_Circle_1mm.uasset" 408
"../../../Engine/Plugins/Animation/ControlRig/Content/Controls/ControlRig_Circle_1mm.uexp" 409
"../../../Engine/Plugins/Animation/ControlRig/Content/Controls/ControlRig_Box_solid.ubulk" 410
"../../../Engine/Plugins/Animation/ControlRig/Content/Controls/ControlRig_Box_solid.uasset" 411
"../../../Engine/Plugins/Animation/ControlRig/Content/Controls/ControlRig_Box_solid.uexp" 412
"../../../Engine/Plugins/Animation/ControlRig/Content/Controls/ControlRig_Box_3mm.ubulk" 413
"../../../Engine/Plugins/Animation/ControlRig/Content/Controls/ControlRig_Box_3mm.uasset" 414
"../../../Engine/Plugins/Animation/ControlRig/Content/Controls/ControlRig_Box_3mm.uexp" 415
"../../../Engine/Plugins/Animation/ControlRig/Content/Controls/ControlRig_Box_1mm.ubulk" 416
"../../../Engine/Plugins/Animation/ControlRig/Content/Controls/ControlRig_Box_1mm.uasset" 417
"../../../Engine/Plugins/Animation/ControlRig/Content/Controls/ControlRig_Box_1mm.uexp" 418
"../../../Engine/Plugins/Animation/ControlRig/Content/Controls/ControlRig_Arrow_solid.ubulk" 419
"../../../Engine/Plugins/Animation/ControlRig/Content/Controls/ControlRig_Arrow_solid.uasset" 420
"../../../Engine/Plugins/Animation/ControlRig/Content/Controls/ControlRig_Arrow_solid.uexp" 421
"../../../Engine/Plugins/Animation/ControlRig/Content/Controls/ControlRig_Arrow_3mm.ubulk" 422
"../../../Engine/Plugins/Animation/ControlRig/Content/Controls/ControlRig_Arrow_3mm.uasset" 423
"../../../Engine/Plugins/Animation/ControlRig/Content/Controls/ControlRig_Arrow_3mm.uexp" 424
"../../../Engine/Plugins/Animation/ControlRig/Content/Controls/ControlRig_Arrow_1mm.ubulk" 425
"../../../Engine/Plugins/Animation/ControlRig/Content/Controls/ControlRig_Arrow_1mm.uasset" 426
"../../../Engine/Plugins/Animation/ControlRig/Content/Controls/ControlRig_Arrow_1mm.uexp" 427
"../../../Engine/Plugins/Animation/ControlRig/Content/Controls/ControlRig_Arrow4_solid.ubulk" 428
"../../../Engine/Plugins/Animation/ControlRig/Content/Controls/ControlRig_Arrow4_solid.uasset" 429
"../../../Engine/Plugins/Animation/ControlRig/Content/Controls/ControlRig_Arrow4_solid.uexp" 430
"../../../Engine/Plugins/Animation/ControlRig/Content/Controls/ControlRig_Arrow4_3mm.ubulk" 431
"../../../Engine/Plugins/Animation/ControlRig/Content/Controls/ControlRig_Arrow4_3mm.uasset" 432
"../../../Engine/Plugins/Animation/ControlRig/Content/Controls/ControlRig_Arrow4_3mm.uexp" 433
"../../../Engine/Plugins/Animation/ControlRig/Content/Controls/ControlRig_Arrow4_1mm.ubulk" 434
"../../../Engine/Plugins/Animation/ControlRig/Content/Controls/ControlRig_Arrow4_1mm.uasset" 435
"../../../Engine/Plugins/Animation/ControlRig/Content/Controls/ControlRig_Arrow4_1mm.uexp" 436
"../../../Engine/Plugins/Animation/ControlRig/Content/Controls/ControlRig_Arrow2_solid.ubulk" 437
"../../../Engine/Plugins/Animation/ControlRig/Content/Controls/ControlRig_Arrow2_solid.uasset" 438
"../../../Engine/Plugins/Animation/ControlRig/Content/Controls/ControlRig_Arrow2_solid.uexp" 439
"../../../Engine/Plugins/Animation/ControlRig/Content/Controls/ControlRig_Arrow2_3mm.ubulk" 440
"../../../Engine/Plugins/Animation/ControlRig/Content/Controls/ControlRig_Arrow2_3mm.uasset" 441
"../../../Engine/Plugins/Animation/ControlRig/Content/Controls/ControlRig_Arrow2_3mm.uexp" 442
"../../../Engine/Plugins/Animation/ControlRig/Content/Controls/ControlRig_Arrow2_1mm.ubulk" 443
"../../../Engine/Plugins/Animation/ControlRig/Content/Controls/ControlRig_Arrow2_1mm.uasset" 444
"../../../Engine/Plugins/Animation/ControlRig/Content/Controls/ControlRig_Arrow2_1mm.uexp" 445
"../../../Engine/Plugins/Animation/ControlRig/Content/Controls/ControlRigXRayMaterial.uasset" 446
"../../../Engine/Plugins/Animation/ControlRig/Content/Controls/ControlRigXRayMaterial.uexp" 447
"../../../Engine/Plugins/Animation/ControlRig/Content/Controls/ControlRigGizmoMaterial.uasset" 448
"../../../Engine/Plugins/Animation/ControlRig/Content/Controls/ControlRigGizmoMaterial.uexp" 449
"../../../Engine/Content/VREditor/TransformGizmo/StartRotationHandleIndicator.ubulk" 450
"../../../Engine/Content/VREditor/TransformGizmo/StartRotationHandleIndicator.uasset" 451
"../../../Engine/Content/VREditor/TransformGizmo/StartRotationHandleIndicator.uexp" 452
"../../../Engine/Content/VREditor/Sounds/UI/Drop_Item_From_ContentBrowser.ubulk" 453
"../../../Engine/Content/VREditor/Sounds/UI/Drop_Item_From_ContentBrowser.uasset" 454
"../../../Engine/Content/VREditor/Sounds/UI/Drop_Item_From_ContentBrowser.uexp" 455
"../../../Engine/Content/VREditor/TransformGizmo/PlaneTranslationHandle.ubulk" 456
"../../../Engine/Content/VREditor/TransformGizmo/PlaneTranslationHandle.uasset" 457
"../../../Engine/Content/VREditor/TransformGizmo/PlaneTranslationHandle.uexp" 458
"../../../Engine/Content/VREditor/Sounds/UI/Object_Snaps_To_Grid.ubulk" 459
"../../../Engine/Content/VREditor/Sounds/UI/Object_Snaps_To_Grid.uasset" 460
"../../../Engine/Content/VREditor/Sounds/UI/Object_Snaps_To_Grid.uexp" 461
"../../../Engine/Content/VREditor/Sounds/UI/Selection_Changes.ubulk" 462
"../../../Engine/Content/VREditor/Sounds/UI/Selection_Changes.uasset" 463
"../../../Engine/Content/VREditor/Sounds/UI/Selection_Changes.uexp" 464
"../../../Engine/Content/VREditor/Sounds/UI/Object_Snaps_To_Another_Actor.ubulk" 465
"../../../Engine/Content/VREditor/Sounds/UI/Object_Snaps_To_Another_Actor.uasset" 466
"../../../Engine/Content/VREditor/Sounds/UI/Object_Snaps_To_Another_Actor.uexp" 467
"../../../Engine/Content/VREditor/TransformGizmo/TranslucentTransformGizmoMaterial_Inst.uasset" 468
"../../../Engine/Content/VREditor/TransformGizmo/TranslucentTransformGizmoMaterial_Inst.uexp" 469
"../../../Engine/Content/VREditor/TransformGizmo/TransformGizmoFreeRotation.ubulk" 470
"../../../Engine/Content/VREditor/TransformGizmo/TransformGizmoFreeRotation.uasset" 471
"../../../Engine/Content/VREditor/TransformGizmo/TransformGizmoFreeRotation.uexp" 472
"../../../Engine/Content/VREditor/Sounds/UI/Scaling_Down.ubulk" 473
"../../../Engine/Content/VREditor/Sounds/UI/Scaling_Down.uasset" 474
"../../../Engine/Content/VREditor/Sounds/UI/Scaling_Down.uexp" 475
"../../../Engine/Content/Functions/Engine_MaterialFunctions02/Math/Transform3x3Matrix.uasset" 476
"../../../Engine/Content/Functions/Engine_MaterialFunctions02/Math/Transform3x3Matrix.uexp" 477
"../../../Engine/Content/Functions/Engine_MaterialFunctions02/SplitComponents.uasset" 478
"../../../Engine/Content/Functions/Engine_MaterialFunctions02/SplitComponents.uexp" 479
"../../../Engine/Content/Functions/Engine_MaterialFunctions02/Utility/MakeFloat3.uasset" 480
"../../../Engine/Content/Functions/Engine_MaterialFunctions02/Utility/MakeFloat3.uexp" 481
"../../../Engine/Content/VREditor/SnapGrid/SnapGridMaterial.uasset" 482
"../../../Engine/Content/VREditor/SnapGrid/SnapGridMaterial.uexp" 483
"../../../Engine/Content/VREditor/SnapGrid/SnapGridPlaneMesh.ubulk" 484
"../../../Engine/Content/VREditor/SnapGrid/SnapGridPlaneMesh.uasset" 485
"../../../Engine/Content/VREditor/SnapGrid/SnapGridPlaneMesh.uexp" 486
"../../../Engine/Content/VREditor/Sounds/UI/Scaling_Up.ubulk" 487
"../../../Engine/Content/VREditor/Sounds/UI/Scaling_Up.uasset" 488
"../../../Engine/Content/VREditor/Sounds/UI/Scaling_Up.uexp" 489
"../../../Engine/Content/VREditor/TransformGizmo/TransformGizmoMaterial_Inst.uasset" 490
"../../../Engine/Content/VREditor/TransformGizmo/TransformGizmoMaterial_Inst.uexp" 491
"../../../Engine/Content/VREditor/Sounds/UI/Gizmo_Handle_Clicked.ubulk" 492
"../../../Engine/Content/VREditor/Sounds/UI/Gizmo_Handle_Clicked.uasset" 493
"../../../Engine/Content/VREditor/Sounds/UI/Gizmo_Handle_Clicked.uexp" 494
"../../../Engine/Content/VREditor/TransformGizmo/RotationHandleQuarter.ubulk" 495
"../../../Engine/Content/VREditor/TransformGizmo/RotationHandleQuarter.uasset" 496
"../../../Engine/Content/VREditor/TransformGizmo/RotationHandleQuarter.uexp" 497
"../../../Engine/Content/VREditor/TransformGizmo/TranslateArrowHandle.ubulk" 498
"../../../Engine/Content/VREditor/TransformGizmo/TranslateArrowHandle.uasset" 499
"../../../Engine/Content/VREditor/TransformGizmo/TranslateArrowHandle.uexp" 500
"../../../Engine/Content/VREditor/TransformGizmo/RotationHandleIndicator.ubulk" 501
"../../../Engine/Content/VREditor/TransformGizmo/RotationHandleIndicator.uasset" 502
"../../../Engine/Content/VREditor/TransformGizmo/RotationHandleIndicator.uexp" 503
"../../../Engine/Content/VREditor/TransformGizmo/UniformScaleHandle.ubulk" 504
"../../../Engine/Content/VREditor/TransformGizmo/UniformScaleHandle.uasset" 505
"../../../Engine/Content/VREditor/TransformGizmo/UniformScaleHandle.uexp" 506
"../../../Engine/Content/VREditor/TransformGizmo/RotationHandleFull.ubulk" 507
"../../../Engine/Content/VREditor/TransformGizmo/RotationHandleFull.uasset" 508
"../../../Engine/Content/VREditor/TransformGizmo/RotationHandleFull.uexp" 509
"../../../Engine/Content/VREditor/Sounds/UI/Object_PickUp.ubulk" 510
"../../../Engine/Content/VREditor/Sounds/UI/Object_PickUp.uasset" 511
"../../../Engine/Content/VREditor/Sounds/UI/Object_PickUp.uexp" 512
"../../../Engine/Content/EngineSounds/Master.uasset" 513
"../../../Engine/Content/EngineSounds/Master.uexp" 514
"../../../Engine/Content/EngineResources/WhiteSquareTexture.uasset" 515
"../../../Engine/Content/EngineResources/WhiteSquareTexture.uexp" 516
"../../../Engine/Content/EngineMaterials/Widget3DPassThrough.uasset" 517
"../../../Engine/Content/EngineMaterials/Widget3DPassThrough.uexp" 518
"../../../Engine/Content/EngineMaterials/Widget3DPassThrough_Translucent.uasset" 519
"../../../Engine/Content/EngineMaterials/Widget3DPassThrough_Translucent.uexp" 520
"../../../Engine/Content/EngineMaterials/Widget3DPassThrough_Translucent_OneSided.uasset" 521
"../../../Engine/Content/EngineMaterials/Widget3DPassThrough_Translucent_OneSided.uexp" 522
"../../../Engine/Content/EngineMaterials/Widget3DPassThrough_Opaque.uasset" 523
"../../../Engine/Content/EngineMaterials/Widget3DPassThrough_Opaque.uexp" 524
"../../../Engine/Content/EngineMaterials/Widget3DPassThrough_Opaque_OneSided.uasset" 525
"../../../Engine/Content/EngineMaterials/Widget3DPassThrough_Opaque_OneSided.uexp" 526
"../../../Engine/Content/EngineMaterials/Widget3DPassThrough_Masked_OneSided.uasset" 527
"../../../Engine/Content/EngineMaterials/Widget3DPassThrough_Masked_OneSided.uexp" 528
"../../../Engine/Content/EngineMaterials/Widget3DPassThrough_Masked.uasset" 529
"../../../Engine/Content/EngineMaterials/Widget3DPassThrough_Masked.uexp" 530
"../../../Engine/Content/EngineMaterials/STBlueNoise_vec2_128x128x64.uasset" 531
"../../../Engine/Content/EngineMaterials/STBlueNoise_vec2_128x128x64.uexp" 532
"../../../Engine/Content/EngineMaterials/STBlueNoise_scalar_128x128x64.uasset" 533
"../../../Engine/Content/EngineMaterials/STBlueNoise_scalar_128x128x64.uexp" 534
"../../../Engine/Content/EngineMaterials/RemoveSurfaceMaterial.uasset" 535
"../../../Engine/Content/EngineMaterials/RemoveSurfaceMaterial.uexp" 536
"../../../Engine/Content/EngineMaterials/DefaultCalibrationGrayscale.uasset" 537
"../../../Engine/Content/EngineMaterials/DefaultCalibrationGrayscale.uexp" 538
"../../../Engine/Content/EngineMaterials/PPM_DefaultCalibrationGrayscale.uasset" 539
"../../../Engine/Content/EngineMaterials/PPM_DefaultCalibrationGrayscale.uexp" 540
"../../../Engine/Content/EngineMaterials/DefaultCalibrationColor.uasset" 541
"../../../Engine/Content/EngineMaterials/DefaultCalibrationColor.uexp" 542
"../../../Engine/Content/EngineMaterials/PPM_DefaultCalibrationColor.uasset" 543
"../../../Engine/Content/EngineMaterials/PPM_DefaultCalibrationColor.uexp" 544
"../../../Engine/Content/EngineMaterials/PhAT_JointLimitMaterial.uasset" 545
"../../../Engine/Content/EngineMaterials/PhAT_JointLimitMaterial.uexp" 546
"../../../Engine/Content/EngineMaterials/NaniteHiddenSectionMaterial.uasset" 547
"../../../Engine/Content/EngineMaterials/NaniteHiddenSectionMaterial.uexp" 548
"../../../Engine/Content/EngineMaterials/InvalidLightmapSettings.ubulk" 549
"../../../Engine/Content/EngineMaterials/InvalidLightmapSettings.uasset" 550
"../../../Engine/Content/EngineMaterials/InvalidLightmapSettings.uexp" 551
"../../../Engine/Content/EngineMaterials/M_InvalidLightmapSettings.uasset" 552
"../../../Engine/Content/EngineMaterials/M_InvalidLightmapSettings.uexp" 553
"../../../Engine/Content/EngineMaterials/GizmoMaterial.uasset" 554
"../../../Engine/Content/EngineMaterials/GizmoMaterial.uexp" 555
"../../../Engine/Content/EngineMaterials/BaseFlattenEmissiveMap_VT.uasset" 556
"../../../Engine/Content/EngineMaterials/BaseFlattenEmissiveMap_VT.uexp" 557
"../../../Engine/Content/EngineMaterials/BaseFlattenGrayscaleMap_VT.uasset" 558
"../../../Engine/Content/EngineMaterials/BaseFlattenGrayscaleMap_VT.uexp" 559
"../../../Engine/Content/EngineMaterials/BaseFlattenLinearColor_VT.uasset" 560
"../../../Engine/Content/EngineMaterials/BaseFlattenLinearColor_VT.uexp" 561
"../../../Engine/Content/EngineMaterials/Black_1x1_EXR_Texture_VT.uasset" 562
"../../../Engine/Content/EngineMaterials/Black_1x1_EXR_Texture_VT.uexp" 563
"../../../Engine/Content/EngineMaterials/BaseFlattenDiffuseMap_VT.uasset" 564
"../../../Engine/Content/EngineMaterials/BaseFlattenDiffuseMap_VT.uexp" 565
"../../../Engine/Content/EngineMaterials/BaseFlattenNormalMap_VT.uasset" 566
"../../../Engine/Content/EngineMaterials/BaseFlattenNormalMap_VT.uexp" 567
"../../../Engine/Content/EngineMaterials/FlattenMaterial_WS_Normal_VT.uasset" 568
"../../../Engine/Content/EngineMaterials/FlattenMaterial_WS_Normal_VT.uexp" 569
"../../../Engine/Content/EngineMaterials/FlattenMaterial_VT.uasset" 570
"../../../Engine/Content/EngineMaterials/FlattenMaterial_VT.uexp" 571
"../../../Engine/Content/EngineMaterials/BaseFlattenNormalMap.uasset" 572
"../../../Engine/Content/EngineMaterials/BaseFlattenNormalMap.uexp" 573
"../../../Engine/Content/EngineMaterials/BaseFlattenGrayscaleMap.uasset" 574
"../../../Engine/Content/EngineMaterials/BaseFlattenGrayscaleMap.uexp" 575
"../../../Engine/Content/EngineMaterials/BaseFlattenDiffuseMap.uasset" 576
"../../../Engine/Content/EngineMaterials/BaseFlattenDiffuseMap.uexp" 577
"../../../Engine/Content/Functions/Engine_MaterialFunctions02/PivotPainter2/Black_1x1_EXR_Texture.uasset" 578
"../../../Engine/Content/Functions/Engine_MaterialFunctions02/PivotPainter2/Black_1x1_EXR_Texture.uexp" 579
"../../../Engine/Content/EngineMaterials/BaseFlattenEmissiveMap.uasset" 580
"../../../Engine/Content/EngineMaterials/BaseFlattenEmissiveMap.uexp" 581
"../../../Engine/Content/EngineMaterials/BaseFlattenLinearColor.uasset" 582
"../../../Engine/Content/EngineMaterials/BaseFlattenLinearColor.uexp" 583
"../../../Engine/Content/EngineMaterials/FlattenMaterial.uasset" 584
"../../../Engine/Content/EngineMaterials/FlattenMaterial.uexp" 585
"../../../Engine/Content/EngineMaterials/DefaultWhiteGrid_Low.uasset" 586
"../../../Engine/Content/EngineMaterials/DefaultWhiteGrid_Low.uexp" 587
"../../../Engine/Content/EngineMaterials/EmissiveMeshMaterial.uasset" 588
"../../../Engine/Content/EngineMaterials/EmissiveMeshMaterial.uexp" 589
"../../../Engine/Content/EngineFonts/RobotoDistanceField.uasset" 590
"../../../Engine/Content/EngineFonts/RobotoDistanceField.uexp" 591
"../../../Engine/Content/EngineMaterials/DefaultTextMaterialOpaque.uasset" 592
"../../../Engine/Content/EngineMaterials/DefaultTextMaterialOpaque.uexp" 593
"../../../Engine/Content/EngineMaterials/DefaultDiffuse.ubulk" 594
"../../../Engine/Content/EngineMaterials/DefaultDiffuse.uasset" 595
"../../../Engine/Content/EngineMaterials/DefaultDiffuse.uexp" 596
"../../../Engine/Content/Functions/Engine_MaterialFunctions02/Utility/BreakOutFloat2Components.uasset" 597
"../../../Engine/Content/Functions/Engine_MaterialFunctions02/Utility/BreakOutFloat2Components.uexp" 598
"../../../Engine/Content/EngineMaterials/DefaultPostProcessMaterial.uasset" 599
"../../../Engine/Content/EngineMaterials/DefaultPostProcessMaterial.uexp" 600
"../../../Engine/Content/EngineMaterials/DefaultPhysicalMaterial.uasset" 601
"../../../Engine/Content/EngineMaterials/DefaultPhysicalMaterial.uexp" 602
"../../../Engine/Content/EngineMaterials/DefaultLightFunctionMaterial.uasset" 603
"../../../Engine/Content/EngineMaterials/DefaultLightFunctionMaterial.uexp" 604
"../../../Engine/Content/EngineMaterials/DefaultDestructiblePhysicalMaterial.uasset" 605
"../../../Engine/Content/EngineMaterials/DefaultDestructiblePhysicalMaterial.uexp" 606
"../../../Engine/Content/EngineMaterials/DefaultDeferredDecalMaterial.uasset" 607
"../../../Engine/Content/EngineMaterials/DefaultDeferredDecalMaterial.uexp" 608
"../../../Engine/Content/EngineMaterials/DefaultBloomKernel.uasset" 609
"../../../Engine/Content/EngineMaterials/DefaultBloomKernel.uexp" 610
"../../../Engine/Content/EngineFonts/Faces/RobotoLight.uexp" 611
"../../../Engine/Content/EngineFonts/Faces/RobotoLight.uasset" 612
"../../../Engine/Content/EngineFonts/Faces/RobotoLight.ufont" 613
"../../../Engine/Content/EngineFonts/Faces/RobotoBold.uexp" 614
"../../../Engine/Content/EngineFonts/Faces/RobotoBold.uasset" 615
"../../../Engine/Content/EngineFonts/Faces/RobotoBold.ufont" 616
"../../../Engine/Content/EngineFonts/Faces/RobotoRegular.uexp" 617
"../../../Engine/Content/EngineFonts/Faces/RobotoRegular.uasset" 618
"../../../Engine/Content/EngineFonts/Faces/RobotoRegular.ufont" 619
"../../../Engine/Content/EngineFonts/Faces/DroidSansFallback.uexp" 620
"../../../Engine/Content/EngineFonts/Faces/DroidSansFallback.uasset" 621
"../../../Engine/Content/EngineFonts/Faces/DroidSansFallback.ufont" 622
"../../../Engine/Content/EngineFonts/Faces/RobotoItalic.uexp" 623
"../../../Engine/Content/EngineFonts/Faces/RobotoItalic.uasset" 624
"../../../Engine/Content/EngineFonts/Faces/RobotoItalic.ufont" 625
"../../../Engine/Content/EngineFonts/Faces/RobotoBoldItalic.uexp" 626
"../../../Engine/Content/EngineFonts/Faces/RobotoBoldItalic.uasset" 627
"../../../Engine/Content/EngineFonts/Faces/RobotoBoldItalic.ufont" 628
"../../../Engine/Content/EngineFonts/Roboto.uasset" 629
"../../../Engine/Content/EngineFonts/Roboto.uexp" 630
"../../../Engine/Content/EngineDebugMaterials/VolumeToRender.uasset" 631
"../../../Engine/Content/EngineDebugMaterials/VolumeToRender.uexp" 632
"../../../Engine/Content/EngineDebugMaterials/M_VolumeRenderSphereTracePP.uasset" 633
"../../../Engine/Content/EngineDebugMaterials/M_VolumeRenderSphereTracePP.uexp" 634
"../../../Engine/Content/EngineDebugMaterials/M_SimpleUnlitTranslucent.uasset" 635
"../../../Engine/Content/EngineDebugMaterials/M_SimpleUnlitTranslucent.uexp" 636
"../../../Engine/Content/EngineDebugMaterials/DebugMeshMaterial.uasset" 637
"../../../Engine/Content/EngineDebugMaterials/DebugMeshMaterial.uexp" 638
"../../../Engine/Content/EngineDebugMaterials/DebugEditorMaterial.uasset" 639
"../../../Engine/Content/EngineDebugMaterials/DebugEditorMaterial.uexp" 640
"../../../Engine/Content/EngineDamageTypes/DmgTypeBP_Environmental.uasset" 641
"../../../Engine/Content/EngineDamageTypes/DmgTypeBP_Environmental.uexp" 642
"../../../Engine/Content/EditorResources/S_Terrain.ubulk" 643
"../../../Engine/Content/EditorResources/S_Terrain.uasset" 644
"../../../Engine/Content/EditorResources/S_Terrain.uexp" 645
"../../../Engine/Content/EditorResources/EmptyActor.uasset" 646
"../../../Engine/Content/EditorResources/EmptyActor.uexp" 647
"../../../Engine/Content/EditorResources/BSPVertex.uasset" 648
"../../../Engine/Content/EditorResources/BSPVertex.uexp" 649
"../../../Engine/Content/EditorMaterials/PreviewShadowIndicator.ubulk" 650
"../../../Engine/Content/EditorMaterials/PreviewShadowIndicator.uasset" 651
"../../../Engine/Content/EditorMaterials/PreviewShadowIndicator.uexp" 652
"../../../Engine/Content/EditorMaterials/PreviewShadowIndicatorMaterial.uasset" 653
"../../../Engine/Content/EditorMaterials/PreviewShadowIndicatorMaterial.uexp" 654
"../../../Engine/Content/EditorMaterials/PhAT_UnselectedMaterial.uasset" 655
"../../../Engine/Content/EditorMaterials/PhAT_UnselectedMaterial.uexp" 656
"../../../Engine/Content/EditorMaterials/PhAT_NoCollisionMaterial.uasset" 657
"../../../Engine/Content/EditorMaterials/PhAT_NoCollisionMaterial.uexp" 658
"../../../Engine/Content/EditorLandscapeResources/DefaultAlphaTexture.uasset" 659
"../../../Engine/Content/EditorLandscapeResources/DefaultAlphaTexture.uexp" 660
"../../../Engine/Content/EditorLandscapeResources/DataLayer.uasset" 661
"../../../Engine/Content/EditorLandscapeResources/DataLayer.uexp" 662
"../../../Engine/Content/EngineMaterials/DefaultMaterial.uasset" 663
"../../../Engine/Content/EngineMaterials/DefaultMaterial.uexp" 664
"../../../Engine/Content/BasicShapes/Sphere.ubulk" 665
"../../../Engine/Content/BasicShapes/Sphere.uasset" 666
"../../../Engine/Content/BasicShapes/Sphere.uexp" 667
"../../../Engine/Content/BasicShapes/Cylinder.ubulk" 668
"../../../Engine/Content/BasicShapes/Cylinder.uasset" 669
"../../../Engine/Content/BasicShapes/Cylinder.uexp" 670
"../../../Engine/Content/BasicShapes/Cone.ubulk" 671
"../../../Engine/Content/BasicShapes/Cone.uasset" 672
"../../../Engine/Content/BasicShapes/Cone.uexp" 673
"C:/Users/b019810m/Documents/GitHub/ProjectCPPforGamesDesigners/CPPForGamesDesigners/CPPforGamesDesigners/Content/Characters/Mannequins/Meshes/SK_Mannequin.uasset" 674
"C:/Users/b019810m/Documents/GitHub/ProjectCPPforGamesDesigners/CPPForGamesDesigners/CPPforGamesDesigners/Content/Characters/Mannequins/Meshes/SK_Mannequin.uexp" 675
"C:/Users/b019810m/Documents/GitHub/ProjectCPPforGamesDesigners/CPPForGamesDesigners/CPPforGamesDesigners/Content/Characters/Mannequins/Textures/Quinn/T_Quinn_02ID_MSR_MSK.ubulk" 676
"C:/Users/b019810m/Documents/GitHub/ProjectCPPforGamesDesigners/CPPForGamesDesigners/CPPforGamesDesigners/Content/Characters/Mannequins/Textures/Quinn/T_Quinn_02ID_MSR_MSK.uasset" 677
"C:/Users/b019810m/Documents/GitHub/ProjectCPPforGamesDesigners/CPPForGamesDesigners/CPPforGamesDesigners/Content/Characters/Mannequins/Textures/Quinn/T_Quinn_02ID_MSR_MSK.uexp" 678
"C:/Users/b019810m/Documents/GitHub/ProjectCPPforGamesDesigners/CPPForGamesDesigners/CPPforGamesDesigners/Content/Characters/Mannequins/Textures/Quinn/T_Quinn_02ID_BN.ubulk" 679
"C:/Users/b019810m/Documents/GitHub/ProjectCPPforGamesDesigners/CPPForGamesDesigners/CPPforGamesDesigners/Content/Characters/Mannequins/Textures/Quinn/T_Quinn_02ID_BN.uasset" 680
"C:/Users/b019810m/Documents/GitHub/ProjectCPPforGamesDesigners/CPPForGamesDesigners/CPPforGamesDesigners/Content/Characters/Mannequins/Textures/Quinn/T_Quinn_02ID_BN.uexp" 681
"C:/Users/b019810m/Documents/GitHub/ProjectCPPforGamesDesigners/CPPForGamesDesigners/CPPforGamesDesigners/Content/Characters/Mannequins/Textures/Quinn/T_Quinn_02_ASAOMASK_MSK.ubulk" 682
"C:/Users/b019810m/Documents/GitHub/ProjectCPPforGamesDesigners/CPPForGamesDesigners/CPPforGamesDesigners/Content/Characters/Mannequins/Textures/Quinn/T_Quinn_02_ASAOMASK_MSK.uasset" 683
"C:/Users/b019810m/Documents/GitHub/ProjectCPPforGamesDesigners/CPPForGamesDesigners/CPPforGamesDesigners/Content/Characters/Mannequins/Textures/Quinn/T_Quinn_02_ASAOMASK_MSK.uexp" 684
"C:/Users/b019810m/Documents/GitHub/ProjectCPPforGamesDesigners/CPPForGamesDesigners/CPPforGamesDesigners/Content/Characters/Mannequins/Textures/Quinn/T_Quinn_02_CCRCCPlastic_MSK.ubulk" 685
"C:/Users/b019810m/Documents/GitHub/ProjectCPPforGamesDesigners/CPPForGamesDesigners/CPPforGamesDesigners/Content/Characters/Mannequins/Textures/Quinn/T_Quinn_02_CCRCCPlastic_MSK.uasset" 686
"C:/Users/b019810m/Documents/GitHub/ProjectCPPforGamesDesigners/CPPForGamesDesigners/CPPforGamesDesigners/Content/Characters/Mannequins/Textures/Quinn/T_Quinn_02_CCRCCPlastic_MSK.uexp" 687
"C:/Users/b019810m/Documents/GitHub/ProjectCPPforGamesDesigners/CPPForGamesDesigners/CPPforGamesDesigners/Content/Characters/Mannequins/Textures/Quinn/T_Quinn_02ID_Tan.ubulk" 688
"C:/Users/b019810m/Documents/GitHub/ProjectCPPforGamesDesigners/CPPForGamesDesigners/CPPforGamesDesigners/Content/Characters/Mannequins/Textures/Quinn/T_Quinn_02ID_Tan.uasset" 689
"C:/Users/b019810m/Documents/GitHub/ProjectCPPforGamesDesigners/CPPForGamesDesigners/CPPforGamesDesigners/Content/Characters/Mannequins/Textures/Quinn/T_Quinn_02ID_Tan.uexp" 690
"C:/Users/b019810m/Documents/GitHub/ProjectCPPforGamesDesigners/CPPForGamesDesigners/CPPforGamesDesigners/Content/Characters/Mannequins/Textures/Quinn/T_Quinn_02ID_D.ubulk" 691
"C:/Users/b019810m/Documents/GitHub/ProjectCPPforGamesDesigners/CPPForGamesDesigners/CPPforGamesDesigners/Content/Characters/Mannequins/Textures/Quinn/T_Quinn_02ID_D.uasset" 692
"C:/Users/b019810m/Documents/GitHub/ProjectCPPforGamesDesigners/CPPForGamesDesigners/CPPforGamesDesigners/Content/Characters/Mannequins/Textures/Quinn/T_Quinn_02ID_D.uexp" 693
"C:/Users/b019810m/Documents/GitHub/ProjectCPPforGamesDesigners/CPPForGamesDesigners/CPPforGamesDesigners/Content/Characters/Mannequins/Textures/Quinn/T_Quinn_01ID_MSR_MSK.ubulk" 694
"C:/Users/b019810m/Documents/GitHub/ProjectCPPforGamesDesigners/CPPForGamesDesigners/CPPforGamesDesigners/Content/Characters/Mannequins/Textures/Quinn/T_Quinn_01ID_MSR_MSK.uasset" 695
"C:/Users/b019810m/Documents/GitHub/ProjectCPPforGamesDesigners/CPPForGamesDesigners/CPPforGamesDesigners/Content/Characters/Mannequins/Textures/Quinn/T_Quinn_01ID_MSR_MSK.uexp" 696
"C:/Users/b019810m/Documents/GitHub/ProjectCPPforGamesDesigners/CPPForGamesDesigners/CPPforGamesDesigners/Content/Characters/Mannequins/Materials/Functions/ChromaticCurve.uasset" 697
"C:/Users/b019810m/Documents/GitHub/ProjectCPPforGamesDesigners/CPPForGamesDesigners/CPPforGamesDesigners/Content/Characters/Mannequins/Materials/Functions/ChromaticCurve.uexp" 698
"C:/Users/b019810m/Documents/GitHub/ProjectCPPforGamesDesigners/CPPForGamesDesigners/CPPforGamesDesigners/Content/Characters/Mannequins/Materials/Functions/CA_Mannequin.uasset" 699
"C:/Users/b019810m/Documents/GitHub/ProjectCPPforGamesDesigners/CPPForGamesDesigners/CPPforGamesDesigners/Content/Characters/Mannequins/Materials/Functions/CA_Mannequin.uexp" 700
"C:/Users/b019810m/Documents/GitHub/ProjectCPPforGamesDesigners/CPPForGamesDesigners/CPPforGamesDesigners/Content/Characters/Mannequins/Materials/Functions/MF_Diffraction.uasset" 701
"C:/Users/b019810m/Documents/GitHub/ProjectCPPforGamesDesigners/CPPForGamesDesigners/CPPforGamesDesigners/Content/Characters/Mannequins/Materials/Functions/MF_Diffraction.uexp" 702
"C:/Users/b019810m/Documents/GitHub/ProjectCPPforGamesDesigners/CPPForGamesDesigners/CPPforGamesDesigners/Content/Characters/Mannequins/Textures/Manny/T_Manny_01_N.ubulk" 703
"C:/Users/b019810m/Documents/GitHub/ProjectCPPforGamesDesigners/CPPForGamesDesigners/CPPforGamesDesigners/Content/Characters/Mannequins/Textures/Manny/T_Manny_01_N.uasset" 704
"C:/Users/b019810m/Documents/GitHub/ProjectCPPforGamesDesigners/CPPForGamesDesigners/CPPforGamesDesigners/Content/Characters/Mannequins/Textures/Manny/T_Manny_01_N.uexp" 705
"C:/Users/b019810m/Documents/GitHub/ProjectCPPforGamesDesigners/CPPForGamesDesigners/CPPforGamesDesigners/Content/Characters/Mannequins/Materials/Functions/ML_BaseColorFallOff.uasset" 706
"C:/Users/b019810m/Documents/GitHub/ProjectCPPforGamesDesigners/CPPForGamesDesigners/CPPforGamesDesigners/Content/Characters/Mannequins/Materials/Functions/ML_BaseColorFallOff.uexp" 707
"../../../Engine/Content/Functions/Engine_MaterialFunctions01/Texturing/ScaleUVsByCenter.uasset" 708
"../../../Engine/Content/Functions/Engine_MaterialFunctions01/Texturing/ScaleUVsByCenter.uexp" 709
"C:/Users/b019810m/Documents/GitHub/ProjectCPPforGamesDesigners/CPPForGamesDesigners/CPPforGamesDesigners/Content/Characters/Mannequins/Textures/Shared/T_UE_Logo_M.uasset" 710
"C:/Users/b019810m/Documents/GitHub/ProjectCPPforGamesDesigners/CPPForGamesDesigners/CPPforGamesDesigners/Content/Characters/Mannequins/Textures/Shared/T_UE_Logo_M.uexp" 711
"C:/Users/b019810m/Documents/GitHub/ProjectCPPforGamesDesigners/CPPForGamesDesigners/CPPforGamesDesigners/Content/Characters/Mannequins/Materials/Functions/MF_logo3layers.uasset" 712
"C:/Users/b019810m/Documents/GitHub/ProjectCPPforGamesDesigners/CPPForGamesDesigners/CPPforGamesDesigners/Content/Characters/Mannequins/Materials/Functions/MF_logo3layers.uexp" 713
"C:/Users/b019810m/Documents/GitHub/ProjectCPPforGamesDesigners/CPPForGamesDesigners/CPPforGamesDesigners/Content/Characters/Mannequins/Textures/Manny/T_Manny_01_CCRCCPlastic_MSK.ubulk" 714
"C:/Users/b019810m/Documents/GitHub/ProjectCPPforGamesDesigners/CPPForGamesDesigners/CPPforGamesDesigners/Content/Characters/Mannequins/Textures/Manny/T_Manny_01_CCRCCPlastic_MSK.uasset" 715
"C:/Users/b019810m/Documents/GitHub/ProjectCPPforGamesDesigners/CPPForGamesDesigners/CPPforGamesDesigners/Content/Characters/Mannequins/Textures/Manny/T_Manny_01_CCRCCPlastic_MSK.uexp" 716
"C:/Users/b019810m/Documents/GitHub/ProjectCPPforGamesDesigners/CPPForGamesDesigners/CPPforGamesDesigners/Content/Characters/Mannequins/Textures/Manny/T_Manny_01_ASAOPMASK_MSK.ubulk" 717
"C:/Users/b019810m/Documents/GitHub/ProjectCPPforGamesDesigners/CPPForGamesDesigners/CPPforGamesDesigners/Content/Characters/Mannequins/Textures/Manny/T_Manny_01_ASAOPMASK_MSK.uasset" 718
"C:/Users/b019810m/Documents/GitHub/ProjectCPPforGamesDesigners/CPPForGamesDesigners/CPPforGamesDesigners/Content/Characters/Mannequins/Textures/Manny/T_Manny_01_ASAOPMASK_MSK.uexp" 719
"C:/Users/b019810m/Documents/GitHub/ProjectCPPforGamesDesigners/CPPForGamesDesigners/CPPforGamesDesigners/Content/Characters/Mannequins/Textures/Manny/T_Manny_01_MSR_MSK.ubulk" 720
"C:/Users/b019810m/Documents/GitHub/ProjectCPPforGamesDesigners/CPPForGamesDesigners/CPPforGamesDesigners/Content/Characters/Mannequins/Textures/Manny/T_Manny_01_MSR_MSK.uasset" 721
"C:/Users/b019810m/Documents/GitHub/ProjectCPPforGamesDesigners/CPPForGamesDesigners/CPPforGamesDesigners/Content/Characters/Mannequins/Textures/Manny/T_Manny_01_MSR_MSK.uexp" 722
"C:/Users/b019810m/Documents/GitHub/ProjectCPPforGamesDesigners/CPPForGamesDesigners/CPPforGamesDesigners/Content/Characters/Mannequins/Textures/Manny/T_Manny_01_BN.ubulk" 723
"C:/Users/b019810m/Documents/GitHub/ProjectCPPforGamesDesigners/CPPForGamesDesigners/CPPforGamesDesigners/Content/Characters/Mannequins/Textures/Manny/T_Manny_01_BN.uasset" 724
"C:/Users/b019810m/Documents/GitHub/ProjectCPPforGamesDesigners/CPPForGamesDesigners/CPPforGamesDesigners/Content/Characters/Mannequins/Textures/Manny/T_Manny_01_BN.uexp" 725
"C:/Users/b019810m/Documents/GitHub/ProjectCPPforGamesDesigners/CPPForGamesDesigners/CPPforGamesDesigners/Content/Characters/Mannequins/Textures/Manny/T_Manny_01_D.ubulk" 726
"C:/Users/b019810m/Documents/GitHub/ProjectCPPforGamesDesigners/CPPForGamesDesigners/CPPforGamesDesigners/Content/Characters/Mannequins/Textures/Manny/T_Manny_01_D.uasset" 727
"C:/Users/b019810m/Documents/GitHub/ProjectCPPforGamesDesigners/CPPForGamesDesigners/CPPforGamesDesigners/Content/Characters/Mannequins/Textures/Manny/T_Manny_01_D.uexp" 728
"C:/Users/b019810m/Documents/GitHub/ProjectCPPforGamesDesigners/CPPForGamesDesigners/CPPforGamesDesigners/Content/Characters/Mannequins/Textures/Manny/T_Manny_01_Tan.ubulk" 729
"C:/Users/b019810m/Documents/GitHub/ProjectCPPforGamesDesigners/CPPForGamesDesigners/CPPforGamesDesigners/Content/Characters/Mannequins/Textures/Manny/T_Manny_01_Tan.uasset" 730
"C:/Users/b019810m/Documents/GitHub/ProjectCPPforGamesDesigners/CPPForGamesDesigners/CPPforGamesDesigners/Content/Characters/Mannequins/Textures/Manny/T_Manny_01_Tan.uexp" 731
"C:/Users/b019810m/Documents/GitHub/ProjectCPPforGamesDesigners/CPPForGamesDesigners/CPPforGamesDesigners/Content/Characters/Mannequins/Materials/M_Mannequin.uasset" 732
"C:/Users/b019810m/Documents/GitHub/ProjectCPPforGamesDesigners/CPPForGamesDesigners/CPPforGamesDesigners/Content/Characters/Mannequins/Materials/M_Mannequin.uexp" 733
"C:/Users/b019810m/Documents/GitHub/ProjectCPPforGamesDesigners/CPPForGamesDesigners/CPPforGamesDesigners/Content/Characters/Mannequins/Textures/Quinn/T_Quinn_01_ASAOMASK_MSK.ubulk" 734
"C:/Users/b019810m/Documents/GitHub/ProjectCPPforGamesDesigners/CPPForGamesDesigners/CPPforGamesDesigners/Content/Characters/Mannequins/Textures/Quinn/T_Quinn_01_ASAOMASK_MSK.uasset" 735
"C:/Users/b019810m/Documents/GitHub/ProjectCPPforGamesDesigners/CPPForGamesDesigners/CPPforGamesDesigners/Content/Characters/Mannequins/Textures/Quinn/T_Quinn_01_ASAOMASK_MSK.uexp" 736
"C:/Users/b019810m/Documents/GitHub/ProjectCPPforGamesDesigners/CPPForGamesDesigners/CPPforGamesDesigners/Content/Characters/Mannequins/Textures/Quinn/T_Quinn_01ID_N.ubulk" 737
"C:/Users/b019810m/Documents/GitHub/ProjectCPPforGamesDesigners/CPPForGamesDesigners/CPPforGamesDesigners/Content/Characters/Mannequins/Textures/Quinn/T_Quinn_01ID_N.uasset" 738
"C:/Users/b019810m/Documents/GitHub/ProjectCPPforGamesDesigners/CPPForGamesDesigners/CPPforGamesDesigners/Content/Characters/Mannequins/Textures/Quinn/T_Quinn_01ID_N.uexp" 739
"C:/Users/b019810m/Documents/GitHub/ProjectCPPforGamesDesigners/CPPForGamesDesigners/CPPforGamesDesigners/Content/Characters/Mannequins/Textures/Quinn/T_Quinn_01ID_BN.ubulk" 740
"C:/Users/b019810m/Documents/GitHub/ProjectCPPforGamesDesigners/CPPForGamesDesigners/CPPforGamesDesigners/Content/Characters/Mannequins/Textures/Quinn/T_Quinn_01ID_BN.uasset" 741
"C:/Users/b019810m/Documents/GitHub/ProjectCPPforGamesDesigners/CPPForGamesDesigners/CPPforGamesDesigners/Content/Characters/Mannequins/Textures/Quinn/T_Quinn_01ID_BN.uexp" 742
"C:/Users/b019810m/Documents/GitHub/ProjectCPPforGamesDesigners/CPPForGamesDesigners/CPPforGamesDesigners/Content/Characters/Mannequins/Textures/Quinn/T_Quinn_01ID_D.ubulk" 743
"C:/Users/b019810m/Documents/GitHub/ProjectCPPforGamesDesigners/CPPForGamesDesigners/CPPforGamesDesigners/Content/Characters/Mannequins/Textures/Quinn/T_Quinn_01ID_D.uasset" 744
"C:/Users/b019810m/Documents/GitHub/ProjectCPPforGamesDesigners/CPPForGamesDesigners/CPPforGamesDesigners/Content/Characters/Mannequins/Textures/Quinn/T_Quinn_01ID_D.uexp" 745
"C:/Users/b019810m/Documents/GitHub/ProjectCPPforGamesDesigners/CPPForGamesDesigners/CPPforGamesDesigners/Content/Characters/Mannequins/Textures/Quinn/T_Quinn_01ID_Tan.ubulk" 746
"C:/Users/b019810m/Documents/GitHub/ProjectCPPforGamesDesigners/CPPForGamesDesigners/CPPforGamesDesigners/Content/Characters/Mannequins/Textures/Quinn/T_Quinn_01ID_Tan.uasset" 747
"C:/Users/b019810m/Documents/GitHub/ProjectCPPforGamesDesigners/CPPForGamesDesigners/CPPforGamesDesigners/Content/Characters/Mannequins/Textures/Quinn/T_Quinn_01ID_Tan.uexp" 748
"C:/Users/b019810m/Documents/GitHub/ProjectCPPforGamesDesigners/CPPForGamesDesigners/CPPforGamesDesigners/Content/Characters/Mannequins/Textures/Quinn/T_Quinn_01_CCRCCPlastic_MSK.ubulk" 749
"C:/Users/b019810m/Documents/GitHub/ProjectCPPforGamesDesigners/CPPForGamesDesigners/CPPforGamesDesigners/Content/Characters/Mannequins/Textures/Quinn/T_Quinn_01_CCRCCPlastic_MSK.uasset" 750
"C:/Users/b019810m/Documents/GitHub/ProjectCPPforGamesDesigners/CPPForGamesDesigners/CPPforGamesDesigners/Content/Characters/Mannequins/Textures/Quinn/T_Quinn_01_CCRCCPlastic_MSK.uexp" 751
"C:/Users/b019810m/Documents/GitHub/ProjectCPPforGamesDesigners/CPPForGamesDesigners/CPPforGamesDesigners/Content/Characters/Mannequins/Materials/Instances/Quinn/MI_Quinn_01.uasset" 752
"C:/Users/b019810m/Documents/GitHub/ProjectCPPforGamesDesigners/CPPForGamesDesigners/CPPforGamesDesigners/Content/Characters/Mannequins/Materials/Instances/Quinn/MI_Quinn_01.uexp" 753
"C:/Users/b019810m/Documents/GitHub/ProjectCPPforGamesDesigners/CPPForGamesDesigners/CPPforGamesDesigners/Content/Characters/Mannequins/Textures/Quinn/T_Quinn_02ID_N.ubulk" 754
"C:/Users/b019810m/Documents/GitHub/ProjectCPPforGamesDesigners/CPPForGamesDesigners/CPPforGamesDesigners/Content/Characters/Mannequins/Textures/Quinn/T_Quinn_02ID_N.uasset" 755
"C:/Users/b019810m/Documents/GitHub/ProjectCPPforGamesDesigners/CPPForGamesDesigners/CPPforGamesDesigners/Content/Characters/Mannequins/Textures/Quinn/T_Quinn_02ID_N.uexp" 756
"C:/Users/b019810m/Documents/GitHub/ProjectCPPforGamesDesigners/CPPForGamesDesigners/CPPforGamesDesigners/Content/Characters/Mannequins/Materials/Instances/Quinn/MI_Quinn_02.uasset" 757
"C:/Users/b019810m/Documents/GitHub/ProjectCPPforGamesDesigners/CPPForGamesDesigners/CPPforGamesDesigners/Content/Characters/Mannequins/Materials/Instances/Quinn/MI_Quinn_02.uexp" 758
"C:/Users/b019810m/Documents/GitHub/ProjectCPPforGamesDesigners/CPPForGamesDesigners/CPPforGamesDesigners/Content/Characters/Mannequins/Rigs/PA_Mannequin.uasset" 759
"C:/Users/b019810m/Documents/GitHub/ProjectCPPforGamesDesigners/CPPForGamesDesigners/CPPforGamesDesigners/Content/Characters/Mannequins/Rigs/PA_Mannequin.uexp" 760
"C:/Users/b019810m/Documents/GitHub/ProjectCPPforGamesDesigners/CPPForGamesDesigners/CPPforGamesDesigners/Content/Characters/Mannequins/Meshes/SKM_Quinn_Simple.uasset" 761
"C:/Users/b019810m/Documents/GitHub/ProjectCPPforGamesDesigners/CPPForGamesDesigners/CPPforGamesDesigners/Content/Characters/Mannequins/Meshes/SKM_Quinn_Simple.uexp" 762
"C:/Users/b019810m/Documents/GitHub/ProjectCPPforGamesDesigners/CPPForGamesDesigners/CPPforGamesDesigners/Content/ThirdPerson/Input/Actions/IA_Jump.uasset" 763
"C:/Users/b019810m/Documents/GitHub/ProjectCPPforGamesDesigners/CPPForGamesDesigners/CPPforGamesDesigners/Content/ThirdPerson/Input/Actions/IA_Jump.uexp" 764
"../../../Engine/Content/Animation/DefaultAnimCurveCompressionSettings.uasset" 765
"../../../Engine/Content/Animation/DefaultAnimCurveCompressionSettings.uexp" 766
"../../../Engine/Content/Animation/DefaultAnimBoneCompressionSettings.uasset" 767
"../../../Engine/Content/Animation/DefaultAnimBoneCompressionSettings.uexp" 768
"C:/Users/b019810m/Documents/GitHub/ProjectCPPforGamesDesigners/CPPForGamesDesigners/CPPforGamesDesigners/Content/Characters/Mannequins/Animations/Quinn/MF_Run_Fwd.uasset" 769
"C:/Users/b019810m/Documents/GitHub/ProjectCPPforGamesDesigners/CPPForGamesDesigners/CPPforGamesDesigners/Content/Characters/Mannequins/Animations/Quinn/MF_Run_Fwd.uexp" 770
"C:/Users/b019810m/Documents/GitHub/ProjectCPPforGamesDesigners/CPPForGamesDesigners/CPPforGamesDesigners/Content/Characters/Mannequins/Animations/Quinn/MF_Walk_Fwd.uasset" 771
"C:/Users/b019810m/Documents/GitHub/ProjectCPPforGamesDesigners/CPPForGamesDesigners/CPPforGamesDesigners/Content/Characters/Mannequins/Animations/Quinn/MF_Walk_Fwd.uexp" 772
"../../../Engine/Content/Animation/DefaultRecorderBoneCompression.uasset" 773
"../../../Engine/Content/Animation/DefaultRecorderBoneCompression.uexp" 774
"C:/Users/b019810m/Documents/GitHub/ProjectCPPforGamesDesigners/CPPForGamesDesigners/CPPforGamesDesigners/Content/Characters/Mannequins/Animations/Manny/MM_Walk_InPlace.uasset" 775
"C:/Users/b019810m/Documents/GitHub/ProjectCPPforGamesDesigners/CPPForGamesDesigners/CPPforGamesDesigners/Content/Characters/Mannequins/Animations/Manny/MM_Walk_InPlace.uexp" 776
"C:/Users/b019810m/Documents/GitHub/ProjectCPPforGamesDesigners/CPPForGamesDesigners/CPPforGamesDesigners/Content/Characters/Mannequins/Animations/Quinn/BS_MF_Unarmed_WalkRun.uasset" 777
"C:/Users/b019810m/Documents/GitHub/ProjectCPPforGamesDesigners/CPPForGamesDesigners/CPPforGamesDesigners/Content/Characters/Mannequins/Animations/Quinn/BS_MF_Unarmed_WalkRun.uexp" 778
"C:/Users/b019810m/Documents/GitHub/ProjectCPPforGamesDesigners/CPPForGamesDesigners/CPPforGamesDesigners/Content/Characters/Mannequins/Animations/Quinn/MF_Idle.uasset" 779
"C:/Users/b019810m/Documents/GitHub/ProjectCPPforGamesDesigners/CPPForGamesDesigners/CPPforGamesDesigners/Content/Characters/Mannequins/Animations/Quinn/MF_Idle.uexp" 780
"../../../Engine/Content/Animation/DefaultVariableFrameStrippingSettings.uasset" 781
"../../../Engine/Content/Animation/DefaultVariableFrameStrippingSettings.uexp" 782
"C:/Users/b019810m/Documents/GitHub/ProjectCPPforGamesDesigners/CPPForGamesDesigners/CPPforGamesDesigners/Content/Characters/Mannequins/Animations/Manny/MM_Fall_Loop.uasset" 783
"C:/Users/b019810m/Documents/GitHub/ProjectCPPforGamesDesigners/CPPForGamesDesigners/CPPforGamesDesigners/Content/Characters/Mannequins/Animations/Manny/MM_Fall_Loop.uexp" 784
"C:/Users/b019810m/Documents/GitHub/ProjectCPPforGamesDesigners/CPPForGamesDesigners/CPPforGamesDesigners/Content/Characters/Mannequins/Animations/Manny/MM_Jump.uasset" 785
"C:/Users/b019810m/Documents/GitHub/ProjectCPPforGamesDesigners/CPPForGamesDesigners/CPPforGamesDesigners/Content/Characters/Mannequins/Animations/Manny/MM_Jump.uexp" 786
"../../../Engine/Plugins/Animation/ControlRig/Content/Controls/DefaultGizmoLibrary.uasset" 787
"../../../Engine/Plugins/Animation/ControlRig/Content/Controls/DefaultGizmoLibrary.uexp" 788
"C:/Users/b019810m/Documents/GitHub/ProjectCPPforGamesDesigners/CPPForGamesDesigners/CPPforGamesDesigners/Content/Characters/Mannequins/Rigs/CR_Mannequin_BasicFootIK.uasset" 789
"C:/Users/b019810m/Documents/GitHub/ProjectCPPforGamesDesigners/CPPForGamesDesigners/CPPforGamesDesigners/Content/Characters/Mannequins/Rigs/CR_Mannequin_BasicFootIK.uexp" 790
"C:/Users/b019810m/Documents/GitHub/ProjectCPPforGamesDesigners/CPPForGamesDesigners/CPPforGamesDesigners/Content/Characters/Mannequins/Animations/Manny/MM_Run_Fwd.uasset" 791
"C:/Users/b019810m/Documents/GitHub/ProjectCPPforGamesDesigners/CPPForGamesDesigners/CPPforGamesDesigners/Content/Characters/Mannequins/Animations/Manny/MM_Run_Fwd.uexp" 792
"C:/Users/b019810m/Documents/GitHub/ProjectCPPforGamesDesigners/CPPForGamesDesigners/CPPforGamesDesigners/Content/Characters/Mannequins/Animations/Manny/MM_Walk_Fwd.uasset" 793
"C:/Users/b019810m/Documents/GitHub/ProjectCPPforGamesDesigners/CPPForGamesDesigners/CPPforGamesDesigners/Content/Characters/Mannequins/Animations/Manny/MM_Walk_Fwd.uexp" 794
"C:/Users/b019810m/Documents/GitHub/ProjectCPPforGamesDesigners/CPPForGamesDesigners/CPPforGamesDesigners/Content/Characters/Mannequins/Animations/Manny/BS_MM_WalkRun.uasset" 795
"C:/Users/b019810m/Documents/GitHub/ProjectCPPforGamesDesigners/CPPForGamesDesigners/CPPforGamesDesigners/Content/Characters/Mannequins/Animations/Manny/BS_MM_WalkRun.uexp" 796
"C:/Users/b019810m/Documents/GitHub/ProjectCPPforGamesDesigners/CPPForGamesDesigners/CPPforGamesDesigners/Content/Characters/Mannequins/Animations/Manny/MM_Land.uasset" 797
"C:/Users/b019810m/Documents/GitHub/ProjectCPPforGamesDesigners/CPPForGamesDesigners/CPPforGamesDesigners/Content/Characters/Mannequins/Animations/Manny/MM_Land.uexp" 798
"C:/Users/b019810m/Documents/GitHub/ProjectCPPforGamesDesigners/CPPForGamesDesigners/CPPforGamesDesigners/Content/Characters/Mannequins/Animations/Manny/MM_Idle.uasset" 799
"C:/Users/b019810m/Documents/GitHub/ProjectCPPforGamesDesigners/CPPForGamesDesigners/CPPforGamesDesigners/Content/Characters/Mannequins/Animations/Manny/MM_Idle.uexp" 800
"C:/Users/b019810m/Documents/GitHub/ProjectCPPforGamesDesigners/CPPForGamesDesigners/CPPforGamesDesigners/Content/Characters/Mannequins/Animations/ABP_Manny.uasset" 801
"C:/Users/b019810m/Documents/GitHub/ProjectCPPforGamesDesigners/CPPForGamesDesigners/CPPforGamesDesigners/Content/Characters/Mannequins/Animations/ABP_Manny.uexp" 802
"C:/Users/b019810m/Documents/GitHub/ProjectCPPforGamesDesigners/CPPForGamesDesigners/CPPforGamesDesigners/Content/Characters/Mannequins/Animations/ABP_Quinn.uasset" 803
"C:/Users/b019810m/Documents/GitHub/ProjectCPPforGamesDesigners/CPPForGamesDesigners/CPPforGamesDesigners/Content/Characters/Mannequins/Animations/ABP_Quinn.uexp" 804
"C:/Users/b019810m/Documents/GitHub/ProjectCPPforGamesDesigners/CPPForGamesDesigners/CPPforGamesDesigners/Content/ThirdPerson/Blueprints/BP_ThirdPersonCharacter.uasset" 805
"C:/Users/b019810m/Documents/GitHub/ProjectCPPforGamesDesigners/CPPForGamesDesigners/CPPforGamesDesigners/Content/ThirdPerson/Blueprints/BP_ThirdPersonCharacter.uexp" 806
"C:/Users/b019810m/Documents/GitHub/ProjectCPPforGamesDesigners/CPPForGamesDesigners/CPPforGamesDesigners/Content/Models/Area2/Test.ubulk" 807
"C:/Users/b019810m/Documents/GitHub/ProjectCPPforGamesDesigners/CPPForGamesDesigners/CPPforGamesDesigners/Content/Models/Area2/Test.uasset" 808
"C:/Users/b019810m/Documents/GitHub/ProjectCPPforGamesDesigners/CPPForGamesDesigners/CPPforGamesDesigners/Content/Models/Area2/Test.uexp" 809
"C:/Users/b019810m/Documents/GitHub/ProjectCPPforGamesDesigners/CPPForGamesDesigners/CPPforGamesDesigners/Content/Models/Area2/GroundFloorBalcony/GroundFloorBalcony_Box026.ubulk" 810
"C:/Users/b019810m/Documents/GitHub/ProjectCPPforGamesDesigners/CPPForGamesDesigners/CPPforGamesDesigners/Content/Models/Area2/GroundFloorBalcony/GroundFloorBalcony_Box026.uasset" 811
"C:/Users/b019810m/Documents/GitHub/ProjectCPPforGamesDesigners/CPPForGamesDesigners/CPPforGamesDesigners/Content/Models/Area2/GroundFloorBalcony/GroundFloorBalcony_Box026.uexp" 812
"C:/Users/b019810m/Documents/GitHub/ProjectCPPforGamesDesigners/CPPForGamesDesigners/CPPforGamesDesigners/Content/Models/Area2/GroundFloorBalcony/GroundFloorBalcony_Box025.ubulk" 813
"C:/Users/b019810m/Documents/GitHub/ProjectCPPforGamesDesigners/CPPForGamesDesigners/CPPforGamesDesigners/Content/Models/Area2/GroundFloorBalcony/GroundFloorBalcony_Box025.uasset" 814
"C:/Users/b019810m/Documents/GitHub/ProjectCPPforGamesDesigners/CPPForGamesDesigners/CPPforGamesDesigners/Content/Models/Area2/GroundFloorBalcony/GroundFloorBalcony_Box025.uexp" 815
"C:/Users/b019810m/Documents/GitHub/ProjectCPPforGamesDesigners/CPPForGamesDesigners/CPPforGamesDesigners/Content/Models/Area2/BlockyRoof/Area__2_-_Large_Factory.ubulk" 816
"C:/Users/b019810m/Documents/GitHub/ProjectCPPforGamesDesigners/CPPForGamesDesigners/CPPforGamesDesigners/Content/Models/Area2/BlockyRoof/Area__2_-_Large_Factory.uasset" 817
"C:/Users/b019810m/Documents/GitHub/ProjectCPPforGamesDesigners/CPPForGamesDesigners/CPPforGamesDesigners/Content/Models/Area2/BlockyRoof/Area__2_-_Large_Factory.uexp" 818
"C:/Users/b019810m/Documents/GitHub/ProjectCPPforGamesDesigners/CPPForGamesDesigners/CPPforGamesDesigners/Content/LevelPrototyping/Textures/T_GridChecker_A.ubulk" 819
"C:/Users/b019810m/Documents/GitHub/ProjectCPPforGamesDesigners/CPPForGamesDesigners/CPPforGamesDesigners/Content/LevelPrototyping/Textures/T_GridChecker_A.uasset" 820
"C:/Users/b019810m/Documents/GitHub/ProjectCPPforGamesDesigners/CPPForGamesDesigners/CPPforGamesDesigners/Content/LevelPrototyping/Textures/T_GridChecker_A.uexp" 821
"../../../Engine/Content/Functions/Engine_MaterialFunctions01/Gradient/LinearGradient.uasset" 822
"../../../Engine/Content/Functions/Engine_MaterialFunctions01/Gradient/LinearGradient.uexp" 823
"../../../Engine/Content/Functions/Engine_MaterialFunctions01/ImageAdjustment/CheapContrast.uasset" 824
"../../../Engine/Content/Functions/Engine_MaterialFunctions01/ImageAdjustment/CheapContrast.uexp" 825
"C:/Users/b019810m/Documents/GitHub/ProjectCPPforGamesDesigners/CPPForGamesDesigners/CPPforGamesDesigners/Content/LevelPrototyping/Materials/MF_ProcGrid.uasset" 826
"C:/Users/b019810m/Documents/GitHub/ProjectCPPforGamesDesigners/CPPForGamesDesigners/CPPforGamesDesigners/Content/LevelPrototyping/Materials/MF_ProcGrid.uexp" 827
"C:/Users/b019810m/Documents/GitHub/ProjectCPPforGamesDesigners/CPPForGamesDesigners/CPPforGamesDesigners/Content/LevelPrototyping/Materials/M_PrototypeGrid.uasset" 828
"C:/Users/b019810m/Documents/GitHub/ProjectCPPforGamesDesigners/CPPForGamesDesigners/CPPforGamesDesigners/Content/LevelPrototyping/Materials/M_PrototypeGrid.uexp" 829
"C:/Users/b019810m/Documents/GitHub/ProjectCPPforGamesDesigners/CPPForGamesDesigners/CPPforGamesDesigners/Content/LevelPrototyping/Materials/MI_PrototypeGrid_Gray.uasset" 830
"C:/Users/b019810m/Documents/GitHub/ProjectCPPforGamesDesigners/CPPForGamesDesigners/CPPforGamesDesigners/Content/LevelPrototyping/Materials/MI_PrototypeGrid_Gray.uexp" 831
"C:/Users/b019810m/Documents/GitHub/ProjectCPPforGamesDesigners/CPPForGamesDesigners/CPPforGamesDesigners/Content/LevelPrototyping/Meshes/SM_Ramp.ubulk" 832
"C:/Users/b019810m/Documents/GitHub/ProjectCPPforGamesDesigners/CPPForGamesDesigners/CPPforGamesDesigners/Content/LevelPrototyping/Meshes/SM_Ramp.uasset" 833
"C:/Users/b019810m/Documents/GitHub/ProjectCPPforGamesDesigners/CPPForGamesDesigners/CPPforGamesDesigners/Content/LevelPrototyping/Meshes/SM_Ramp.uexp" 834
"C:/Users/b019810m/Documents/GitHub/ProjectCPPforGamesDesigners/CPPForGamesDesigners/CPPforGamesDesigners/Content/LevelPrototyping/Meshes/SM_QuarterCylinder.ubulk" 835
"C:/Users/b019810m/Documents/GitHub/ProjectCPPforGamesDesigners/CPPForGamesDesigners/CPPforGamesDesigners/Content/LevelPrototyping/Meshes/SM_QuarterCylinder.uasset" 836
"C:/Users/b019810m/Documents/GitHub/ProjectCPPforGamesDesigners/CPPForGamesDesigners/CPPforGamesDesigners/Content/LevelPrototyping/Meshes/SM_QuarterCylinder.uexp" 837
"C:/Users/b019810m/Documents/GitHub/ProjectCPPforGamesDesigners/CPPForGamesDesigners/CPPforGamesDesigners/Content/LevelPrototyping/Meshes/SM_Cylinder.ubulk" 838
"C:/Users/b019810m/Documents/GitHub/ProjectCPPforGamesDesigners/CPPForGamesDesigners/CPPforGamesDesigners/Content/LevelPrototyping/Meshes/SM_Cylinder.uasset" 839
"C:/Users/b019810m/Documents/GitHub/ProjectCPPforGamesDesigners/CPPForGamesDesigners/CPPforGamesDesigners/Content/LevelPrototyping/Meshes/SM_Cylinder.uexp" 840
"C:/Users/b019810m/Documents/GitHub/ProjectCPPforGamesDesigners/CPPForGamesDesigners/CPPforGamesDesigners/Content/LevelPrototyping/Materials/M_Solid.uasset" 841
"C:/Users/b019810m/Documents/GitHub/ProjectCPPforGamesDesigners/CPPForGamesDesigners/CPPforGamesDesigners/Content/LevelPrototyping/Materials/M_Solid.uexp" 842
"C:/Users/b019810m/Documents/GitHub/ProjectCPPforGamesDesigners/CPPForGamesDesigners/CPPforGamesDesigners/Content/LevelPrototyping/Materials/MI_Solid_Blue.uasset" 843
"C:/Users/b019810m/Documents/GitHub/ProjectCPPforGamesDesigners/CPPForGamesDesigners/CPPforGamesDesigners/Content/LevelPrototyping/Materials/MI_Solid_Blue.uexp" 844
"C:/Users/b019810m/Documents/GitHub/ProjectCPPforGamesDesigners/CPPForGamesDesigners/CPPforGamesDesigners/Content/LevelPrototyping/Meshes/SM_ChamferCube.ubulk" 845
"C:/Users/b019810m/Documents/GitHub/ProjectCPPforGamesDesigners/CPPForGamesDesigners/CPPforGamesDesigners/Content/LevelPrototyping/Meshes/SM_ChamferCube.uasset" 846
"C:/Users/b019810m/Documents/GitHub/ProjectCPPforGamesDesigners/CPPForGamesDesigners/CPPforGamesDesigners/Content/LevelPrototyping/Meshes/SM_ChamferCube.uexp" 847
"C:/Users/b019810m/Documents/GitHub/ProjectCPPforGamesDesigners/CPPForGamesDesigners/CPPforGamesDesigners/Content/LevelPrototyping/Materials/MI_PrototypeGrid_TopDark.uasset" 848
"C:/Users/b019810m/Documents/GitHub/ProjectCPPforGamesDesigners/CPPForGamesDesigners/CPPforGamesDesigners/Content/LevelPrototyping/Materials/MI_PrototypeGrid_TopDark.uexp" 849
"C:/Users/b019810m/Documents/GitHub/ProjectCPPforGamesDesigners/CPPForGamesDesigners/CPPforGamesDesigners/Content/LevelPrototyping/Materials/MI_PrototypeGrid_Gray_02.uasset" 850
"C:/Users/b019810m/Documents/GitHub/ProjectCPPforGamesDesigners/CPPForGamesDesigners/CPPforGamesDesigners/Content/LevelPrototyping/Materials/MI_PrototypeGrid_Gray_02.uexp" 851
"../../../Engine/Plugins/Interchange/Runtime/Content/gltf/MaterialFunctions/MF_RotateV2.uasset" 852
"../../../Engine/Plugins/Interchange/Runtime/Content/gltf/MaterialFunctions/MF_RotateV2.uexp" 853
"../../../Engine/Plugins/Interchange/Runtime/Content/gltf/MaterialFunctions/MF_TransformUVs.uasset" 854
"../../../Engine/Plugins/Interchange/Runtime/Content/gltf/MaterialFunctions/MF_TransformUVs.uexp" 855
"../../../Engine/Plugins/Interchange/Runtime/Content/gltf/Textures/T_White_srgb.uasset" 856
"../../../Engine/Plugins/Interchange/Runtime/Content/gltf/Textures/T_White_srgb.uexp" 857
"../../../Engine/Plugins/Interchange/Runtime/Content/gltf/MaterialFunctions/MF_BaseColor.uasset" 858
"../../../Engine/Plugins/Interchange/Runtime/Content/gltf/MaterialFunctions/MF_BaseColor.uexp" 859
"../../../Engine/Plugins/Interchange/Runtime/Content/gltf/MaterialBodies/MF_Unlit_Body.uasset" 860
"../../../Engine/Plugins/Interchange/Runtime/Content/gltf/MaterialBodies/MF_Unlit_Body.uexp" 861
"../../../Engine/Plugins/Interchange/Runtime/Content/gltf/M_Unlit.uasset" 862
"../../../Engine/Plugins/Interchange/Runtime/Content/gltf/M_Unlit.uexp" 863
"../../../Engine/Plugins/Interchange/Runtime/Content/gltf/MaterialInstances/MI_Unlit_Opaque_DS.uasset" 864
"../../../Engine/Plugins/Interchange/Runtime/Content/gltf/MaterialInstances/MI_Unlit_Opaque_DS.uexp" 865
"../../../Engine/Plugins/Interchange/Runtime/Content/gltf/MaterialInstances/MI_Unlit_Opaque.uasset" 866
"../../../Engine/Plugins/Interchange/Runtime/Content/gltf/MaterialInstances/MI_Unlit_Opaque.uexp" 867
"../../../Engine/Plugins/Interchange/Runtime/Content/gltf/MaterialInstances/MI_Unlit_Mask_DS.uasset" 868
"../../../Engine/Plugins/Interchange/Runtime/Content/gltf/MaterialInstances/MI_Unlit_Mask_DS.uexp" 869
"../../../Engine/Plugins/Interchange/Runtime/Content/gltf/MaterialInstances/MI_Unlit_Mask.uasset" 870
"../../../Engine/Plugins/Interchange/Runtime/Content/gltf/MaterialInstances/MI_Unlit_Mask.uexp" 871
"../../../Engine/Plugins/Interchange/Runtime/Content/gltf/MaterialInstances/MI_Unlit_Blend_DS.uasset" 872
"../../../Engine/Plugins/Interchange/Runtime/Content/gltf/MaterialInstances/MI_Unlit_Blend_DS.uexp" 873
"../../../Engine/Plugins/Interchange/Runtime/Content/gltf/MaterialInstances/MI_Unlit_Blend.uasset" 874
"../../../Engine/Plugins/Interchange/Runtime/Content/gltf/MaterialInstances/MI_Unlit_Blend.uexp" 875
"../../../Engine/Plugins/Interchange/Runtime/Content/gltf/MaterialFunctions/MF_Iridescence.uasset" 876
"../../../Engine/Plugins/Interchange/Runtime/Content/gltf/MaterialFunctions/MF_Iridescence.uexp" 877
"../../../Engine/Plugins/Interchange/Runtime/Content/gltf/Textures/T_White_Linear.uasset" 878
"../../../Engine/Plugins/Interchange/Runtime/Content/gltf/Textures/T_White_Linear.uexp" 879
"../../../Engine/Plugins/Interchange/Runtime/Content/gltf/MaterialFunctions/MF_MetallicRoughness.uasset" 880
"../../../Engine/Plugins/Interchange/Runtime/Content/gltf/MaterialFunctions/MF_MetallicRoughness.uexp" 881
"../../../Engine/Plugins/Interchange/Runtime/Content/gltf/MaterialFunctions/MF_Transmission.uasset" 882
"../../../Engine/Plugins/Interchange/Runtime/Content/gltf/MaterialFunctions/MF_Transmission.uexp" 883
"../../../Engine/Plugins/Interchange/Runtime/Content/gltf/MaterialFunctions/MF_Occlusion.uasset" 884
"../../../Engine/Plugins/Interchange/Runtime/Content/gltf/MaterialFunctions/MF_Occlusion.uexp" 885
"../../../Engine/Plugins/Interchange/Runtime/Content/gltf/MaterialFunctions/MF_Specular.uasset" 886
"../../../Engine/Plugins/Interchange/Runtime/Content/gltf/MaterialFunctions/MF_Specular.uexp" 887
"../../../Engine/Plugins/Interchange/Runtime/Content/gltf/MaterialFunctions/MF_IOR.uasset" 888
"../../../Engine/Plugins/Interchange/Runtime/Content/gltf/MaterialFunctions/MF_IOR.uexp" 889
"../../../Engine/Plugins/Interchange/Runtime/Content/gltf/MaterialFunctions/MF_RotateNormals_TS.uasset" 890
"../../../Engine/Plugins/Interchange/Runtime/Content/gltf/MaterialFunctions/MF_RotateNormals_TS.uexp" 891
"../../../Engine/Plugins/Interchange/Runtime/Content/gltf/Textures/T_Generic_N.uasset" 892
"../../../Engine/Plugins/Interchange/Runtime/Content/gltf/Textures/T_Generic_N.uexp" 893
"../../../Engine/Plugins/Interchange/Runtime/Content/gltf/MaterialFunctions/MF_Normals.uasset" 894
"../../../Engine/Plugins/Interchange/Runtime/Content/gltf/MaterialFunctions/MF_Normals.uexp" 895
"../../../Engine/Plugins/Interchange/Runtime/Content/gltf/MaterialBodies/MF_Transmission_Body.uasset" 896
"../../../Engine/Plugins/Interchange/Runtime/Content/gltf/MaterialBodies/MF_Transmission_Body.uexp" 897
"../../../Engine/Plugins/Interchange/Runtime/Content/gltf/M_Transmission.uasset" 898
"../../../Engine/Plugins/Interchange/Runtime/Content/gltf/M_Transmission.uexp" 899
"../../../Engine/Plugins/Interchange/Runtime/Content/gltf/MaterialInstances/MI_Transmission_DS.uasset" 900
"../../../Engine/Plugins/Interchange/Runtime/Content/gltf/MaterialInstances/MI_Transmission_DS.uexp" 901
"../../../Engine/Plugins/Interchange/Runtime/Content/gltf/MaterialInstances/MI_Transmission.uasset" 902
"../../../Engine/Plugins/Interchange/Runtime/Content/gltf/MaterialInstances/MI_Transmission.uexp" 903
"../../../Engine/Plugins/Interchange/Runtime/Content/gltf/MaterialFunctions/MF_DiffuseSpecGloss.uasset" 904
"../../../Engine/Plugins/Interchange/Runtime/Content/gltf/MaterialFunctions/MF_DiffuseSpecGloss.uexp" 905
"../../../Engine/Content/Functions/Engine_MaterialFunctions02/Math/AddComponents.uasset" 906
"../../../Engine/Content/Functions/Engine_MaterialFunctions02/Math/AddComponents.uexp" 907
"../../../Engine/Plugins/Interchange/Runtime/Content/gltf/MaterialFunctions/MF_PerceivedBrightness.uasset" 908
"../../../Engine/Plugins/Interchange/Runtime/Content/gltf/MaterialFunctions/MF_PerceivedBrightness.uexp" 909
"../../../Engine/Plugins/Interchange/Runtime/Content/gltf/MaterialFunctions/MF_Emissive.uasset" 910
"../../../Engine/Plugins/Interchange/Runtime/Content/gltf/MaterialFunctions/MF_Emissive.uexp" 911
"../../../Engine/Plugins/Interchange/Runtime/Content/gltf/MaterialFunctions/MF_SpecGlossToMetalRoughness.uasset" 912
"../../../Engine/Plugins/Interchange/Runtime/Content/gltf/MaterialFunctions/MF_SpecGlossToMetalRoughness.uexp" 913
"../../../Engine/Plugins/Interchange/Runtime/Content/gltf/MaterialBodies/MF_SpecularGlossiness_Body.uasset" 914
"../../../Engine/Plugins/Interchange/Runtime/Content/gltf/MaterialBodies/MF_SpecularGlossiness_Body.uexp" 915
"../../../Engine/Plugins/Interchange/Runtime/Content/gltf/M_SpecularGlossiness.uasset" 916
"../../../Engine/Plugins/Interchange/Runtime/Content/gltf/M_SpecularGlossiness.uexp" 917
"../../../Engine/Plugins/Interchange/Runtime/Content/gltf/MaterialInstances/MI_SpecularGlossiness_Opaque_DS.uasset" 918
"../../../Engine/Plugins/Interchange/Runtime/Content/gltf/MaterialInstances/MI_SpecularGlossiness_Opaque_DS.uexp" 919
"../../../Engine/Plugins/Interchange/Runtime/Content/gltf/MaterialInstances/MI_SpecularGlossiness_Opaque.uasset" 920
"../../../Engine/Plugins/Interchange/Runtime/Content/gltf/MaterialInstances/MI_SpecularGlossiness_Opaque.uexp" 921
"../../../Engine/Plugins/Interchange/Runtime/Content/gltf/MaterialInstances/MI_SpecularGlossiness_Mask_DS.uasset" 922
"../../../Engine/Plugins/Interchange/Runtime/Content/gltf/MaterialInstances/MI_SpecularGlossiness_Mask_DS.uexp" 923
"../../../Engine/Plugins/Interchange/Runtime/Content/gltf/MaterialInstances/MI_SpecularGlossiness_Mask.uasset" 924
"../../../Engine/Plugins/Interchange/Runtime/Content/gltf/MaterialInstances/MI_SpecularGlossiness_Mask.uexp" 925
"../../../Engine/Plugins/Interchange/Runtime/Content/gltf/MaterialInstances/MI_SpecularGlossiness_Blend_DS.uasset" 926
"../../../Engine/Plugins/Interchange/Runtime/Content/gltf/MaterialInstances/MI_SpecularGlossiness_Blend_DS.uexp" 927
"../../../Engine/Plugins/Interchange/Runtime/Content/gltf/MaterialInstances/MI_SpecularGlossiness_Blend.uasset" 928
"../../../Engine/Plugins/Interchange/Runtime/Content/gltf/MaterialInstances/MI_SpecularGlossiness_Blend.uexp" 929
"../../../Engine/Plugins/Interchange/Runtime/Content/gltf/MaterialFunctions/MF_Sheen.uasset" 930
"../../../Engine/Plugins/Interchange/Runtime/Content/gltf/MaterialFunctions/MF_Sheen.uexp" 931
"../../../Engine/Plugins/Interchange/Runtime/Content/gltf/MaterialBodies/MF_Sheen_Body.uasset" 932
"../../../Engine/Plugins/Interchange/Runtime/Content/gltf/MaterialBodies/MF_Sheen_Body.uexp" 933
"../../../Engine/Plugins/Interchange/Runtime/Content/gltf/M_Sheen.uasset" 934
"../../../Engine/Plugins/Interchange/Runtime/Content/gltf/M_Sheen.uexp" 935
"../../../Engine/Plugins/Interchange/Runtime/Content/gltf/MaterialInstances/MI_Sheen_Opaque_DS.uasset" 936
"../../../Engine/Plugins/Interchange/Runtime/Content/gltf/MaterialInstances/MI_Sheen_Opaque_DS.uexp" 937
"../../../Engine/Plugins/Interchange/Runtime/Content/gltf/MaterialInstances/MI_Sheen_Opaque.uasset" 938
"../../../Engine/Plugins/Interchange/Runtime/Content/gltf/MaterialInstances/MI_Sheen_Opaque.uexp" 939
"../../../Engine/Plugins/Interchange/Runtime/Content/gltf/MaterialInstances/MI_Sheen_Mask_DS.uasset" 940
"../../../Engine/Plugins/Interchange/Runtime/Content/gltf/MaterialInstances/MI_Sheen_Mask_DS.uexp" 941
"../../../Engine/Plugins/Interchange/Runtime/Content/gltf/MaterialInstances/MI_Sheen_Mask.uasset" 942
"../../../Engine/Plugins/Interchange/Runtime/Content/gltf/MaterialInstances/MI_Sheen_Mask.uexp" 943
"../../../Engine/Plugins/Interchange/Runtime/Content/gltf/MaterialInstances/MI_Sheen_Blend_DS.uasset" 944
"../../../Engine/Plugins/Interchange/Runtime/Content/gltf/MaterialInstances/MI_Sheen_Blend_DS.uexp" 945
"../../../Engine/Plugins/Interchange/Runtime/Content/gltf/MaterialInstances/MI_Sheen_Blend.uasset" 946
"../../../Engine/Plugins/Interchange/Runtime/Content/gltf/MaterialInstances/MI_Sheen_Blend.uexp" 947
"../../../Engine/Plugins/Interchange/Runtime/Content/gltf/MaterialBodies/MF_Default_Body.uasset" 948
"../../../Engine/Plugins/Interchange/Runtime/Content/gltf/MaterialBodies/MF_Default_Body.uexp" 949
"../../../Engine/Plugins/Interchange/Runtime/Content/gltf/M_Default.uasset" 950
"../../../Engine/Plugins/Interchange/Runtime/Content/gltf/M_Default.uexp" 951
"../../../Engine/Plugins/Interchange/Runtime/Content/gltf/MaterialInstances/MI_Default_Opaque_DS.uasset" 952
"../../../Engine/Plugins/Interchange/Runtime/Content/gltf/MaterialInstances/MI_Default_Opaque_DS.uexp" 953
"../../../Engine/Plugins/Interchange/Runtime/Content/gltf/MaterialInstances/MI_Default_Opaque.uasset" 954
"../../../Engine/Plugins/Interchange/Runtime/Content/gltf/MaterialInstances/MI_Default_Opaque.uexp" 955
"../../../Engine/Plugins/Interchange/Runtime/Content/gltf/MaterialInstances/MI_Default_Mask_DS.uasset" 956
"../../../Engine/Plugins/Interchange/Runtime/Content/gltf/MaterialInstances/MI_Default_Mask_DS.uexp" 957
"../../../Engine/Plugins/Interchange/Runtime/Content/gltf/MaterialInstances/MI_Default_Mask.uasset" 958
"../../../Engine/Plugins/Interchange/Runtime/Content/gltf/MaterialInstances/MI_Default_Mask.uexp" 959
"../../../Engine/Plugins/Interchange/Runtime/Content/gltf/MaterialInstances/MI_Default_Blend_DS.uasset" 960
"../../../Engine/Plugins/Interchange/Runtime/Content/gltf/MaterialInstances/MI_Default_Blend_DS.uexp" 961
"../../../Engine/Plugins/Interchange/Runtime/Content/gltf/MaterialInstances/MI_Default_Blend.uasset" 962
"../../../Engine/Plugins/Interchange/Runtime/Content/gltf/MaterialInstances/MI_Default_Blend.uexp" 963
"../../../Engine/Content/Functions/Engine_MaterialFunctions01/Texturing/FlattenNormal.uasset" 964
"../../../Engine/Content/Functions/Engine_MaterialFunctions01/Texturing/FlattenNormal.uexp" 965
"../../../Engine/Plugins/Interchange/Runtime/Content/gltf/MaterialFunctions/MF_Clearcoat.uasset" 966
"../../../Engine/Plugins/Interchange/Runtime/Content/gltf/MaterialFunctions/MF_Clearcoat.uexp" 967
"../../../Engine/Plugins/Interchange/Runtime/Content/gltf/MaterialBodies/MF_ClearCoat_Body.uasset" 968
"../../../Engine/Plugins/Interchange/Runtime/Content/gltf/MaterialBodies/MF_ClearCoat_Body.uexp" 969
"../../../Engine/Plugins/Interchange/Runtime/Content/gltf/M_ClearCoat.uasset" 970
"../../../Engine/Plugins/Interchange/Runtime/Content/gltf/M_ClearCoat.uexp" 971
"../../../Engine/Plugins/Interchange/Runtime/Content/gltf/MaterialInstances/MI_ClearCoat_Opaque_DS.uasset" 972
"../../../Engine/Plugins/Interchange/Runtime/Content/gltf/MaterialInstances/MI_ClearCoat_Opaque_DS.uexp" 973
"../../../Engine/Plugins/Interchange/Runtime/Content/gltf/MaterialInstances/MI_ClearCoat_Opaque.uasset" 974
"../../../Engine/Plugins/Interchange/Runtime/Content/gltf/MaterialInstances/MI_ClearCoat_Opaque.uexp" 975
"../../../Engine/Plugins/Interchange/Runtime/Content/gltf/MaterialInstances/MI_ClearCoat_Mask_DS.uasset" 976
"../../../Engine/Plugins/Interchange/Runtime/Content/gltf/MaterialInstances/MI_ClearCoat_Mask_DS.uexp" 977
"../../../Engine/Plugins/Interchange/Runtime/Content/gltf/MaterialInstances/MI_ClearCoat_Mask.uasset" 978
"../../../Engine/Plugins/Interchange/Runtime/Content/gltf/MaterialInstances/MI_ClearCoat_Mask.uexp" 979
"../../../Engine/Plugins/Interchange/Runtime/Content/gltf/MaterialInstances/MI_ClearCoat_Blend_DS.uasset" 980
"../../../Engine/Plugins/Interchange/Runtime/Content/gltf/MaterialInstances/MI_ClearCoat_Blend_DS.uexp" 981
"../../../Engine/Plugins/Interchange/Runtime/Content/gltf/MaterialInstances/MI_ClearCoat_Blend.uasset" 982
"../../../Engine/Plugins/Interchange/Runtime/Content/gltf/MaterialInstances/MI_ClearCoat_Blend.uexp" 983
"../../../Engine/Content/MobileResources/HUD/VirtualJoystick_Background.uasset" 984
"../../../Engine/Content/MobileResources/HUD/VirtualJoystick_Background.uexp" 985
"../../../Engine/Content/MobileResources/HUD/VirtualJoystick_Thumb.uasset" 986
"../../../Engine/Content/MobileResources/HUD/VirtualJoystick_Thumb.uexp" 987
"../../../Engine/Content/MobileResources/HUD/DefaultVirtualJoysticks.uasset" 988
"../../../Engine/Content/MobileResources/HUD/DefaultVirtualJoysticks.uexp" 989
"../../../Engine/Content/EngineSky/VolumetricClouds/CloudWeatherTexture.uasset" 990
"../../../Engine/Content/EngineSky/VolumetricClouds/CloudWeatherTexture.uexp" 991
"../../../Engine/Content/Functions/Engine_MaterialFunctions02/Utility/MakeFloat2.uasset" 992
"../../../Engine/Content/Functions/Engine_MaterialFunctions02/Utility/MakeFloat2.uexp" 993
"../../../Engine/Content/EngineSky/VolumetricClouds/CloudGradientTexture.uasset" 994
"../../../Engine/Content/EngineSky/VolumetricClouds/CloudGradientTexture.uexp" 995
"../../../Engine/Content/EngineSky/VolumetricClouds/T_NoiseShape64.ubulk" 996
"../../../Engine/Content/EngineSky/VolumetricClouds/T_NoiseShape64.uasset" 997
"../../../Engine/Content/EngineSky/VolumetricClouds/T_NoiseShape64.uexp" 998
"../../../Engine/Content/EngineSky/VolumetricClouds/T_VolumeNoiseShape64.uasset" 999
"../../../Engine/Content/EngineSky/VolumetricClouds/T_VolumeNoiseShape64.uexp" 1000
"../../../Engine/Content/EngineSky/VolumetricClouds/T_NoiseErosion.ubulk" 1001
"../../../Engine/Content/EngineSky/VolumetricClouds/T_NoiseErosion.uasset" 1002
"../../../Engine/Content/EngineSky/VolumetricClouds/T_NoiseErosion.uexp" 1003
"../../../Engine/Content/EngineSky/VolumetricClouds/T_VolumeNoiseErosion32.uasset" 1004
"../../../Engine/Content/EngineSky/VolumetricClouds/T_VolumeNoiseErosion32.uexp" 1005
"../../../Engine/Content/EngineSky/VolumetricClouds/m_SimpleVolumetricCloud.uasset" 1006
"../../../Engine/Content/EngineSky/VolumetricClouds/m_SimpleVolumetricCloud.uexp" 1007
"../../../Engine/Content/EngineSky/VolumetricClouds/m_SimpleVolumetricCloud_Inst.uasset" 1008
"../../../Engine/Content/EngineSky/VolumetricClouds/m_SimpleVolumetricCloud_Inst.uexp" 1009
"../../../Engine/Content/EngineResources/FilmGrains/Marcie_Grain_v3_128_M2_000.uasset" 1010
"../../../Engine/Content/EngineResources/FilmGrains/Marcie_Grain_v3_128_M2_000.uexp" 1011
"../../../Engine/Content/EditorResources/SequenceRecorder/RecordingIndicator.uasset" 1012
"../../../Engine/Content/EditorResources/SequenceRecorder/RecordingIndicator.uexp" 1013
"../../../Engine/Content/EditorResources/SequenceRecorder/Countdown.uasset" 1014
"../../../Engine/Content/EditorResources/SequenceRecorder/Countdown.uexp" 1015
"../../../Engine/Content/EditorMaterials/Dataflow/DataflowVertexMaterial.uasset" 1016
"../../../Engine/Content/EditorMaterials/Dataflow/DataflowVertexMaterial.uexp" 1017
"C:/Users/b019810m/Documents/GitHub/ProjectCPPforGamesDesigners/CPPForGamesDesigners/CPPforGamesDesigners/Content/Characters/ModelsPlayerCharacter/Seperate/Cylinder002_PhysicsAsset.uasset" 1018
"C:/Users/b019810m/Documents/GitHub/ProjectCPPforGamesDesigners/CPPForGamesDesigners/CPPforGamesDesigners/Content/Characters/ModelsPlayerCharacter/Seperate/Cylinder002_PhysicsAsset.uexp" 1019
"C:/Users/b019810m/Documents/GitHub/ProjectCPPforGamesDesigners/CPPForGamesDesigners/CPPforGamesDesigners/Content/Characters/ModelsPlayerCharacter/Seperate/Cylinder002_Skeleton.uasset" 1020
"C:/Users/b019810m/Documents/GitHub/ProjectCPPforGamesDesigners/CPPForGamesDesigners/CPPforGamesDesigners/Content/Characters/ModelsPlayerCharacter/Seperate/Cylinder002_Skeleton.uexp" 1021
"C:/Users/b019810m/Documents/GitHub/ProjectCPPforGamesDesigners/CPPForGamesDesigners/CPPforGamesDesigners/Content/Characters/ModelsPlayerCharacter/Seperate/Cylinder002.uasset" 1022
"C:/Users/b019810m/Documents/GitHub/ProjectCPPforGamesDesigners/CPPForGamesDesigners/CPPforGamesDesigners/Content/Characters/ModelsPlayerCharacter/Seperate/Cylinder002.uexp" 1023
"C:/Users/b019810m/Documents/GitHub/ProjectCPPforGamesDesigners/CPPForGamesDesigners/CPPforGamesDesigners/Content/Characters/ModelsPlayerCharacter/Seperate/Cylinder001_PhysicsAsset.uasset" 1024
"C:/Users/b019810m/Documents/GitHub/ProjectCPPforGamesDesigners/CPPForGamesDesigners/CPPforGamesDesigners/Content/Characters/ModelsPlayerCharacter/Seperate/Cylinder001_PhysicsAsset.uexp" 1025
"C:/Users/b019810m/Documents/GitHub/ProjectCPPforGamesDesigners/CPPForGamesDesigners/CPPforGamesDesigners/Content/Characters/ModelsPlayerCharacter/Seperate/Cylinder001_Skeleton.uasset" 1026
"C:/Users/b019810m/Documents/GitHub/ProjectCPPforGamesDesigners/CPPForGamesDesigners/CPPforGamesDesigners/Content/Characters/ModelsPlayerCharacter/Seperate/Cylinder001_Skeleton.uexp" 1027
"C:/Users/b019810m/Documents/GitHub/ProjectCPPforGamesDesigners/CPPForGamesDesigners/CPPforGamesDesigners/Content/Characters/ModelsPlayerCharacter/Seperate/Cylinder001.uasset" 1028
"C:/Users/b019810m/Documents/GitHub/ProjectCPPforGamesDesigners/CPPForGamesDesigners/CPPforGamesDesigners/Content/Characters/ModelsPlayerCharacter/Seperate/Cylinder001.uexp" 1029
"C:/Users/b019810m/Documents/GitHub/ProjectCPPforGamesDesigners/CPPForGamesDesigners/CPPforGamesDesigners/Content/Characters/ModelsPlayerCharacter/Seperate/Box001_Skeleton.uasset" 1030
"C:/Users/b019810m/Documents/GitHub/ProjectCPPforGamesDesigners/CPPForGamesDesigners/CPPforGamesDesigners/Content/Characters/ModelsPlayerCharacter/Seperate/Box001_Skeleton.uexp" 1031
"C:/Users/b019810m/Documents/GitHub/ProjectCPPforGamesDesigners/CPPForGamesDesigners/CPPforGamesDesigners/Content/Characters/ModelsPlayerCharacter/Seperate/Box001_PhysicsAsset.uasset" 1032
"C:/Users/b019810m/Documents/GitHub/ProjectCPPforGamesDesigners/CPPForGamesDesigners/CPPforGamesDesigners/Content/Characters/ModelsPlayerCharacter/Seperate/Box001_PhysicsAsset.uexp" 1033
"C:/Users/b019810m/Documents/GitHub/ProjectCPPforGamesDesigners/CPPForGamesDesigners/CPPforGamesDesigners/Content/Characters/ModelsPlayerCharacter/Seperate/Box001.uasset" 1034
"C:/Users/b019810m/Documents/GitHub/ProjectCPPforGamesDesigners/CPPForGamesDesigners/CPPforGamesDesigners/Content/Characters/ModelsPlayerCharacter/Seperate/Box001.uexp" 1035
"C:/Users/b019810m/Documents/GitHub/ProjectCPPforGamesDesigners/CPPForGamesDesigners/CPPforGamesDesigners/Content/Characters/Mannequin_UE4/Rigs/RTG_UE5Manny_UE4Manny.uasset" 1036
"C:/Users/b019810m/Documents/GitHub/ProjectCPPforGamesDesigners/CPPForGamesDesigners/CPPforGamesDesigners/Content/Characters/Mannequin_UE4/Rigs/RTG_UE5Manny_UE4Manny.uexp" 1037
"C:/Users/b019810m/Documents/GitHub/ProjectCPPforGamesDesigners/CPPForGamesDesigners/CPPforGamesDesigners/Content/Characters/Mannequin_UE4/Rigs/RTG_UE4Manny_UE5Manny.uasset" 1038
"C:/Users/b019810m/Documents/GitHub/ProjectCPPforGamesDesigners/CPPForGamesDesigners/CPPforGamesDesigners/Content/Characters/Mannequin_UE4/Rigs/RTG_UE4Manny_UE5Manny.uexp" 1039
"C:/Users/b019810m/Documents/GitHub/ProjectCPPforGamesDesigners/CPPForGamesDesigners/CPPforGamesDesigners/Content/Characters/Mannequin_UE4/Rigs/IK_UE4_Mannequin.uasset" 1040
"C:/Users/b019810m/Documents/GitHub/ProjectCPPforGamesDesigners/CPPForGamesDesigners/CPPforGamesDesigners/Content/Characters/Mannequin_UE4/Rigs/IK_UE4_Mannequin.uexp" 1041
"C:/Users/b019810m/Documents/GitHub/ProjectCPPforGamesDesigners/CPPForGamesDesigners/CPPforGamesDesigners/Content/Characters/Mannequin_UE4/Textures/T_UELogo_N_TGA.ubulk" 1042
"C:/Users/b019810m/Documents/GitHub/ProjectCPPforGamesDesigners/CPPForGamesDesigners/CPPforGamesDesigners/Content/Characters/Mannequin_UE4/Textures/T_UELogo_N_TGA.uasset" 1043
"C:/Users/b019810m/Documents/GitHub/ProjectCPPforGamesDesigners/CPPForGamesDesigners/CPPforGamesDesigners/Content/Characters/Mannequin_UE4/Textures/T_UELogo_N_TGA.uexp" 1044
"C:/Users/b019810m/Documents/GitHub/ProjectCPPforGamesDesigners/CPPForGamesDesigners/CPPforGamesDesigners/Content/Characters/Mannequin_UE4/Textures/T_UE4_Mannequin__normals.ubulk" 1045
"C:/Users/b019810m/Documents/GitHub/ProjectCPPforGamesDesigners/CPPForGamesDesigners/CPPforGamesDesigners/Content/Characters/Mannequin_UE4/Textures/T_UE4_Mannequin__normals.uasset" 1046
"C:/Users/b019810m/Documents/GitHub/ProjectCPPforGamesDesigners/CPPForGamesDesigners/CPPforGamesDesigners/Content/Characters/Mannequin_UE4/Textures/T_UE4_Mannequin__normals.uexp" 1047
"C:/Users/b019810m/Documents/GitHub/ProjectCPPforGamesDesigners/CPPForGamesDesigners/CPPforGamesDesigners/Content/Characters/Mannequin_UE4/Materials/Layers/ML_ShinyPlastic_Beige.uasset" 1048
"C:/Users/b019810m/Documents/GitHub/ProjectCPPforGamesDesigners/CPPForGamesDesigners/CPPforGamesDesigners/Content/Characters/Mannequin_UE4/Materials/Layers/ML_ShinyPlastic_Beige.uexp" 1049
"../../../Engine/Content/Functions/Engine_MaterialFunctions02/Utility/BlendAngleCorrectedNormals.uasset" 1050
"../../../Engine/Content/Functions/Engine_MaterialFunctions02/Utility/BlendAngleCorrectedNormals.uexp" 1051
"../../../Engine/Content/Functions/MaterialLayerFunctions/MatLayerBlend_NormalBlend.uasset" 1052
"../../../Engine/Content/Functions/MaterialLayerFunctions/MatLayerBlend_NormalBlend.uexp" 1053
"C:/Users/b019810m/Documents/GitHub/ProjectCPPforGamesDesigners/CPPForGamesDesigners/CPPforGamesDesigners/Content/Characters/Mannequin_UE4/Textures/T_UELogo_Mask.ubulk" 1054
"C:/Users/b019810m/Documents/GitHub/ProjectCPPforGamesDesigners/CPPForGamesDesigners/CPPforGamesDesigners/Content/Characters/Mannequin_UE4/Textures/T_UELogo_Mask.uasset" 1055
"C:/Users/b019810m/Documents/GitHub/ProjectCPPforGamesDesigners/CPPForGamesDesigners/CPPforGamesDesigners/Content/Characters/Mannequin_UE4/Textures/T_UELogo_Mask.uexp" 1056
"C:/Users/b019810m/Documents/GitHub/ProjectCPPforGamesDesigners/CPPForGamesDesigners/CPPforGamesDesigners/Content/Characters/Mannequin_UE4/Materials/Layers/ML_ShinyPlastic_Beige_Logo.uasset" 1057
"C:/Users/b019810m/Documents/GitHub/ProjectCPPforGamesDesigners/CPPForGamesDesigners/CPPforGamesDesigners/Content/Characters/Mannequin_UE4/Materials/Layers/ML_ShinyPlastic_Beige_Logo.uexp" 1058
"C:/Users/b019810m/Documents/GitHub/ProjectCPPforGamesDesigners/CPPForGamesDesigners/CPPforGamesDesigners/Content/Characters/Mannequin_UE4/Textures/T_UE4_Mannequin_MAT_MASKA.ubulk" 1059
"C:/Users/b019810m/Documents/GitHub/ProjectCPPforGamesDesigners/CPPForGamesDesigners/CPPforGamesDesigners/Content/Characters/Mannequin_UE4/Textures/T_UE4_Mannequin_MAT_MASKA.uasset" 1060
"C:/Users/b019810m/Documents/GitHub/ProjectCPPforGamesDesigners/CPPForGamesDesigners/CPPforGamesDesigners/Content/Characters/Mannequin_UE4/Textures/T_UE4_Mannequin_MAT_MASKA.uexp" 1061
"C:/Users/b019810m/Documents/GitHub/ProjectCPPforGamesDesigners/CPPForGamesDesigners/CPPforGamesDesigners/Content/Characters/Mannequin_UE4/Textures/T_ML_Aluminum01_N.ubulk" 1062
"C:/Users/b019810m/Documents/GitHub/ProjectCPPforGamesDesigners/CPPForGamesDesigners/CPPforGamesDesigners/Content/Characters/Mannequin_UE4/Textures/T_ML_Aluminum01_N.uasset" 1063
"C:/Users/b019810m/Documents/GitHub/ProjectCPPforGamesDesigners/CPPForGamesDesigners/CPPforGamesDesigners/Content/Characters/Mannequin_UE4/Textures/T_ML_Aluminum01_N.uexp" 1064
"C:/Users/b019810m/Documents/GitHub/ProjectCPPforGamesDesigners/CPPForGamesDesigners/CPPforGamesDesigners/Content/Characters/Mannequin_UE4/Textures/T_ML_Aluminum01.ubulk" 1065
"C:/Users/b019810m/Documents/GitHub/ProjectCPPforGamesDesigners/CPPForGamesDesigners/CPPforGamesDesigners/Content/Characters/Mannequin_UE4/Textures/T_ML_Aluminum01.uasset" 1066
"C:/Users/b019810m/Documents/GitHub/ProjectCPPforGamesDesigners/CPPForGamesDesigners/CPPforGamesDesigners/Content/Characters/Mannequin_UE4/Textures/T_ML_Aluminum01.uexp" 1067
"C:/Users/b019810m/Documents/GitHub/ProjectCPPforGamesDesigners/CPPForGamesDesigners/CPPforGamesDesigners/Content/Characters/Mannequin_UE4/Materials/Layers/ML_SoftMetal.uasset" 1068
"C:/Users/b019810m/Documents/GitHub/ProjectCPPforGamesDesigners/CPPForGamesDesigners/CPPforGamesDesigners/Content/Characters/Mannequin_UE4/Materials/Layers/ML_SoftMetal.uexp" 1069
"../../../Engine/Content/Functions/MaterialLayerFunctions/MatLayerBlend_Simple.uasset" 1070
"../../../Engine/Content/Functions/MaterialLayerFunctions/MatLayerBlend_Simple.uexp" 1071
"C:/Users/b019810m/Documents/GitHub/ProjectCPPforGamesDesigners/CPPForGamesDesigners/CPPforGamesDesigners/Content/Characters/Mannequin_UE4/Textures/T_ML_Rubber_Blue_01_N.ubulk" 1072
"C:/Users/b019810m/Documents/GitHub/ProjectCPPforGamesDesigners/CPPForGamesDesigners/CPPforGamesDesigners/Content/Characters/Mannequin_UE4/Textures/T_ML_Rubber_Blue_01_N.uasset" 1073
"C:/Users/b019810m/Documents/GitHub/ProjectCPPforGamesDesigners/CPPForGamesDesigners/CPPforGamesDesigners/Content/Characters/Mannequin_UE4/Textures/T_ML_Rubber_Blue_01_N.uexp" 1074
"C:/Users/b019810m/Documents/GitHub/ProjectCPPforGamesDesigners/CPPForGamesDesigners/CPPforGamesDesigners/Content/Characters/Mannequin_UE4/Textures/T_ML_Rubber_Blue_01_D.ubulk" 1075
"C:/Users/b019810m/Documents/GitHub/ProjectCPPforGamesDesigners/CPPForGamesDesigners/CPPforGamesDesigners/Content/Characters/Mannequin_UE4/Textures/T_ML_Rubber_Blue_01_D.uasset" 1076
"C:/Users/b019810m/Documents/GitHub/ProjectCPPforGamesDesigners/CPPForGamesDesigners/CPPforGamesDesigners/Content/Characters/Mannequin_UE4/Textures/T_ML_Rubber_Blue_01_D.uexp" 1077
"C:/Users/b019810m/Documents/GitHub/ProjectCPPforGamesDesigners/CPPForGamesDesigners/CPPforGamesDesigners/Content/Characters/Mannequin_UE4/Materials/Layers/ML_Latex_Black.uasset" 1078
"C:/Users/b019810m/Documents/GitHub/ProjectCPPforGamesDesigners/CPPForGamesDesigners/CPPforGamesDesigners/Content/Characters/Mannequin_UE4/Materials/Layers/ML_Latex_Black.uexp" 1079
"C:/Users/b019810m/Documents/GitHub/ProjectCPPforGamesDesigners/CPPForGamesDesigners/CPPforGamesDesigners/Content/Characters/Mannequin_UE4/Materials/M_MannequinUE4_Body.uasset" 1080
"C:/Users/b019810m/Documents/GitHub/ProjectCPPforGamesDesigners/CPPForGamesDesigners/CPPforGamesDesigners/Content/Characters/Mannequin_UE4/Materials/M_MannequinUE4_Body.uexp" 1081
"C:/Users/b019810m/Documents/GitHub/ProjectCPPforGamesDesigners/CPPForGamesDesigners/CPPforGamesDesigners/Content/Characters/Mannequin_UE4/Materials/M_MannequinUE4_ChestLogo.uasset" 1082
"C:/Users/b019810m/Documents/GitHub/ProjectCPPforGamesDesigners/CPPForGamesDesigners/CPPforGamesDesigners/Content/Characters/Mannequin_UE4/Materials/M_MannequinUE4_ChestLogo.uexp" 1083
"C:/Users/b019810m/Documents/GitHub/ProjectCPPforGamesDesigners/CPPForGamesDesigners/CPPforGamesDesigners/Content/Characters/Mannequin_UE4/Meshes/SK_Mannequin_PhysicsAsset.uasset" 1084
"C:/Users/b019810m/Documents/GitHub/ProjectCPPforGamesDesigners/CPPForGamesDesigners/CPPforGamesDesigners/Content/Characters/Mannequin_UE4/Meshes/SK_Mannequin_PhysicsAsset.uexp" 1085
"C:/Users/b019810m/Documents/GitHub/ProjectCPPforGamesDesigners/CPPForGamesDesigners/CPPforGamesDesigners/Content/Characters/Mannequin_UE4/Meshes/SK_Mannequin_Skeleton.uasset" 1086
"C:/Users/b019810m/Documents/GitHub/ProjectCPPforGamesDesigners/CPPForGamesDesigners/CPPforGamesDesigners/Content/Characters/Mannequin_UE4/Meshes/SK_Mannequin_Skeleton.uexp" 1087
"C:/Users/b019810m/Documents/GitHub/ProjectCPPforGamesDesigners/CPPForGamesDesigners/CPPforGamesDesigners/Content/Characters/Mannequin_UE4/Meshes/SK_Mannequin.uasset" 1088
"C:/Users/b019810m/Documents/GitHub/ProjectCPPforGamesDesigners/CPPForGamesDesigners/CPPforGamesDesigners/Content/Characters/Mannequin_UE4/Meshes/SK_Mannequin.uexp" 1089
"C:/Users/b019810m/Documents/GitHub/ProjectCPPforGamesDesigners/CPPForGamesDesigners/CPPforGamesDesigners/Content/Characters/Mannequin_UE4/Animations/Jog_Fwd.uasset" 1090
"C:/Users/b019810m/Documents/GitHub/ProjectCPPforGamesDesigners/CPPForGamesDesigners/CPPforGamesDesigners/Content/Characters/Mannequin_UE4/Animations/Jog_Fwd.uexp" 1091
"C:/Users/b019810m/Documents/GitHub/ProjectCPPforGamesDesigners/CPPForGamesDesigners/CPPforGamesDesigners/Content/Characters/Mannequins/Rigs/RTG_Mannequin.uasset" 1092
"C:/Users/b019810m/Documents/GitHub/ProjectCPPforGamesDesigners/CPPForGamesDesigners/CPPforGamesDesigners/Content/Characters/Mannequins/Rigs/RTG_Mannequin.uexp" 1093
"C:/Users/b019810m/Documents/GitHub/ProjectCPPforGamesDesigners/CPPForGamesDesigners/CPPforGamesDesigners/Content/Characters/Mannequins/Rigs/IK_Mannequin.uasset" 1094
"C:/Users/b019810m/Documents/GitHub/ProjectCPPforGamesDesigners/CPPForGamesDesigners/CPPforGamesDesigners/Content/Characters/Mannequins/Rigs/IK_Mannequin.uexp" 1095
"../../../Engine/Plugins/Animation/ControlRig/Content/Controls/DefaultGizmoLibraryNormalized.uasset" 1096
"../../../Engine/Plugins/Animation/ControlRig/Content/Controls/DefaultGizmoLibraryNormalized.uexp" 1097
"C:/Users/b019810m/Documents/GitHub/ProjectCPPforGamesDesigners/CPPForGamesDesigners/CPPforGamesDesigners/Content/Characters/Mannequins/Rigs/CR_Mannequin_Body.uasset" 1098
"C:/Users/b019810m/Documents/GitHub/ProjectCPPforGamesDesigners/CPPForGamesDesigners/CPPforGamesDesigners/Content/Characters/Mannequins/Rigs/CR_Mannequin_Body.uexp" 1099
"C:/Users/b019810m/Documents/GitHub/ProjectCPPforGamesDesigners/CPPForGamesDesigners/CPPforGamesDesigners/Content/Characters/Mannequins/Rigs/Poses/Quinn/Quinn_foot_l_anim.uasset" 1100
"C:/Users/b019810m/Documents/GitHub/ProjectCPPforGamesDesigners/CPPForGamesDesigners/CPPforGamesDesigners/Content/Characters/Mannequins/Rigs/Poses/Quinn/Quinn_foot_l_anim.uexp" 1101
"C:/Users/b019810m/Documents/GitHub/ProjectCPPforGamesDesigners/CPPForGamesDesigners/CPPforGamesDesigners/Content/Characters/Mannequins/Rigs/Poses/Quinn/Quinn_foot_l_pose.uasset" 1102
"C:/Users/b019810m/Documents/GitHub/ProjectCPPforGamesDesigners/CPPForGamesDesigners/CPPforGamesDesigners/Content/Characters/Mannequins/Rigs/Poses/Quinn/Quinn_foot_l_pose.uexp" 1103
"C:/Users/b019810m/Documents/GitHub/ProjectCPPforGamesDesigners/CPPForGamesDesigners/CPPforGamesDesigners/Content/Characters/Mannequins/Rigs/Poses/Quinn/Quinn_clavicle_l_anim.uasset" 1104
"C:/Users/b019810m/Documents/GitHub/ProjectCPPforGamesDesigners/CPPForGamesDesigners/CPPforGamesDesigners/Content/Characters/Mannequins/Rigs/Poses/Quinn/Quinn_clavicle_l_anim.uexp" 1105
"C:/Users/b019810m/Documents/GitHub/ProjectCPPforGamesDesigners/CPPForGamesDesigners/CPPforGamesDesigners/Content/Characters/Mannequins/Rigs/Poses/Quinn/Quinn_clavicle_l_pose.uasset" 1106
"C:/Users/b019810m/Documents/GitHub/ProjectCPPforGamesDesigners/CPPForGamesDesigners/CPPforGamesDesigners/Content/Characters/Mannequins/Rigs/Poses/Quinn/Quinn_clavicle_l_pose.uexp" 1107
"C:/Users/b019810m/Documents/GitHub/ProjectCPPforGamesDesigners/CPPForGamesDesigners/CPPforGamesDesigners/Content/Characters/Mannequins/Rigs/Poses/Quinn/Quinn_clavicle_r_anim.uasset" 1108
"C:/Users/b019810m/Documents/GitHub/ProjectCPPforGamesDesigners/CPPForGamesDesigners/CPPforGamesDesigners/Content/Characters/Mannequins/Rigs/Poses/Quinn/Quinn_clavicle_r_anim.uexp" 1109
"C:/Users/b019810m/Documents/GitHub/ProjectCPPforGamesDesigners/CPPForGamesDesigners/CPPforGamesDesigners/Content/Characters/Mannequins/Rigs/Poses/Quinn/Quinn_clavicle_r_pose.uasset" 1110
"C:/Users/b019810m/Documents/GitHub/ProjectCPPforGamesDesigners/CPPForGamesDesigners/CPPforGamesDesigners/Content/Characters/Mannequins/Rigs/Poses/Quinn/Quinn_clavicle_r_pose.uexp" 1111
"C:/Users/b019810m/Documents/GitHub/ProjectCPPforGamesDesigners/CPPForGamesDesigners/CPPforGamesDesigners/Content/Characters/Mannequins/Rigs/Poses/Quinn/Quinn_upperarm_l_anim.uasset" 1112
"C:/Users/b019810m/Documents/GitHub/ProjectCPPforGamesDesigners/CPPForGamesDesigners/CPPforGamesDesigners/Content/Characters/Mannequins/Rigs/Poses/Quinn/Quinn_upperarm_l_anim.uexp" 1113
"C:/Users/b019810m/Documents/GitHub/ProjectCPPforGamesDesigners/CPPForGamesDesigners/CPPforGamesDesigners/Content/Characters/Mannequins/Rigs/Poses/Quinn/Quinn_upperarm_l_pose.uasset" 1114
"C:/Users/b019810m/Documents/GitHub/ProjectCPPforGamesDesigners/CPPForGamesDesigners/CPPforGamesDesigners/Content/Characters/Mannequins/Rigs/Poses/Quinn/Quinn_upperarm_l_pose.uexp" 1115
"C:/Users/b019810m/Documents/GitHub/ProjectCPPforGamesDesigners/CPPForGamesDesigners/CPPforGamesDesigners/Content/Characters/Mannequins/Rigs/Poses/Quinn/Quinn_lowerarm_l_anim.uasset" 1116
"C:/Users/b019810m/Documents/GitHub/ProjectCPPforGamesDesigners/CPPForGamesDesigners/CPPforGamesDesigners/Content/Characters/Mannequins/Rigs/Poses/Quinn/Quinn_lowerarm_l_anim.uexp" 1117
"C:/Users/b019810m/Documents/GitHub/ProjectCPPforGamesDesigners/CPPForGamesDesigners/CPPforGamesDesigners/Content/Characters/Mannequins/Rigs/Poses/Quinn/Quinn_lowerarm_l_pose.uasset" 1118
"C:/Users/b019810m/Documents/GitHub/ProjectCPPforGamesDesigners/CPPForGamesDesigners/CPPforGamesDesigners/Content/Characters/Mannequins/Rigs/Poses/Quinn/Quinn_lowerarm_l_pose.uexp" 1119
"C:/Users/b019810m/Documents/GitHub/ProjectCPPforGamesDesigners/CPPForGamesDesigners/CPPforGamesDesigners/Content/Characters/Mannequins/Rigs/Poses/Quinn/Quinn_calf_l_anim.uasset" 1120
"C:/Users/b019810m/Documents/GitHub/ProjectCPPforGamesDesigners/CPPForGamesDesigners/CPPforGamesDesigners/Content/Characters/Mannequins/Rigs/Poses/Quinn/Quinn_calf_l_anim.uexp" 1121
"C:/Users/b019810m/Documents/GitHub/ProjectCPPforGamesDesigners/CPPForGamesDesigners/CPPforGamesDesigners/Content/Characters/Mannequins/Rigs/Poses/Quinn/Quinn_calf_l_pose.uasset" 1122
"C:/Users/b019810m/Documents/GitHub/ProjectCPPforGamesDesigners/CPPForGamesDesigners/CPPforGamesDesigners/Content/Characters/Mannequins/Rigs/Poses/Quinn/Quinn_calf_l_pose.uexp" 1123
"C:/Users/b019810m/Documents/GitHub/ProjectCPPforGamesDesigners/CPPForGamesDesigners/CPPforGamesDesigners/Content/Characters/Mannequins/Rigs/CR_Mannequin_Procedural.uasset" 1124
"C:/Users/b019810m/Documents/GitHub/ProjectCPPforGamesDesigners/CPPForGamesDesigners/CPPforGamesDesigners/Content/Characters/Mannequins/Rigs/CR_Mannequin_Procedural.uexp" 1125
"C:/Users/b019810m/Documents/GitHub/ProjectCPPforGamesDesigners/CPPForGamesDesigners/CPPforGamesDesigners/Content/Characters/Mannequins/Rigs/Poses/Quinn/Quinn_upperarm_r_anim.uasset" 1126
"C:/Users/b019810m/Documents/GitHub/ProjectCPPforGamesDesigners/CPPForGamesDesigners/CPPforGamesDesigners/Content/Characters/Mannequins/Rigs/Poses/Quinn/Quinn_upperarm_r_anim.uexp" 1127
"C:/Users/b019810m/Documents/GitHub/ProjectCPPforGamesDesigners/CPPForGamesDesigners/CPPforGamesDesigners/Content/Characters/Mannequins/Rigs/Poses/Quinn/Quinn_upperarm_r_pose.uasset" 1128
"C:/Users/b019810m/Documents/GitHub/ProjectCPPforGamesDesigners/CPPForGamesDesigners/CPPforGamesDesigners/Content/Characters/Mannequins/Rigs/Poses/Quinn/Quinn_upperarm_r_pose.uexp" 1129
"C:/Users/b019810m/Documents/GitHub/ProjectCPPforGamesDesigners/CPPForGamesDesigners/CPPforGamesDesigners/Content/Characters/Mannequins/Rigs/Poses/Quinn/Quinn_calf_r_anim.uasset" 1130
"C:/Users/b019810m/Documents/GitHub/ProjectCPPforGamesDesigners/CPPForGamesDesigners/CPPforGamesDesigners/Content/Characters/Mannequins/Rigs/Poses/Quinn/Quinn_calf_r_anim.uexp" 1131
"C:/Users/b019810m/Documents/GitHub/ProjectCPPforGamesDesigners/CPPForGamesDesigners/CPPforGamesDesigners/Content/Characters/Mannequins/Rigs/Poses/Quinn/Quinn_calf_r_pose.uasset" 1132
"C:/Users/b019810m/Documents/GitHub/ProjectCPPforGamesDesigners/CPPForGamesDesigners/CPPforGamesDesigners/Content/Characters/Mannequins/Rigs/Poses/Quinn/Quinn_calf_r_pose.uexp" 1133
"C:/Users/b019810m/Documents/GitHub/ProjectCPPforGamesDesigners/CPPForGamesDesigners/CPPforGamesDesigners/Content/Characters/Mannequins/Rigs/Poses/Quinn/Quinn_foot_r_anim.uasset" 1134
"C:/Users/b019810m/Documents/GitHub/ProjectCPPforGamesDesigners/CPPForGamesDesigners/CPPforGamesDesigners/Content/Characters/Mannequins/Rigs/Poses/Quinn/Quinn_foot_r_anim.uexp" 1135
"C:/Users/b019810m/Documents/GitHub/ProjectCPPforGamesDesigners/CPPForGamesDesigners/CPPforGamesDesigners/Content/Characters/Mannequins/Rigs/Poses/Quinn/Quinn_foot_r_pose.uasset" 1136
"C:/Users/b019810m/Documents/GitHub/ProjectCPPforGamesDesigners/CPPForGamesDesigners/CPPforGamesDesigners/Content/Characters/Mannequins/Rigs/Poses/Quinn/Quinn_foot_r_pose.uexp" 1137
"C:/Users/b019810m/Documents/GitHub/ProjectCPPforGamesDesigners/CPPForGamesDesigners/CPPforGamesDesigners/Content/Characters/Mannequins/Rigs/Poses/Quinn/Quinn_lowerarm_r_anim.uasset" 1138
"C:/Users/b019810m/Documents/GitHub/ProjectCPPforGamesDesigners/CPPForGamesDesigners/CPPforGamesDesigners/Content/Characters/Mannequins/Rigs/Poses/Quinn/Quinn_lowerarm_r_anim.uexp" 1139
"C:/Users/b019810m/Documents/GitHub/ProjectCPPforGamesDesigners/CPPForGamesDesigners/CPPforGamesDesigners/Content/Characters/Mannequins/Rigs/Poses/Quinn/Quinn_lowerarm_r_pose.uasset" 1140
"C:/Users/b019810m/Documents/GitHub/ProjectCPPforGamesDesigners/CPPForGamesDesigners/CPPforGamesDesigners/Content/Characters/Mannequins/Rigs/Poses/Quinn/Quinn_lowerarm_r_pose.uexp" 1141
"C:/Users/b019810m/Documents/GitHub/ProjectCPPforGamesDesigners/CPPForGamesDesigners/CPPforGamesDesigners/Content/Characters/Mannequins/Rigs/Poses/Quinn/Quinn_thigh_l_anim.uasset" 1142
"C:/Users/b019810m/Documents/GitHub/ProjectCPPforGamesDesigners/CPPForGamesDesigners/CPPforGamesDesigners/Content/Characters/Mannequins/Rigs/Poses/Quinn/Quinn_thigh_l_anim.uexp" 1143
"C:/Users/b019810m/Documents/GitHub/ProjectCPPforGamesDesigners/CPPForGamesDesigners/CPPforGamesDesigners/Content/Characters/Mannequins/Rigs/Poses/Quinn/Quinn_thigh_l_pose.uasset" 1144
"C:/Users/b019810m/Documents/GitHub/ProjectCPPforGamesDesigners/CPPForGamesDesigners/CPPforGamesDesigners/Content/Characters/Mannequins/Rigs/Poses/Quinn/Quinn_thigh_l_pose.uexp" 1145
"C:/Users/b019810m/Documents/GitHub/ProjectCPPforGamesDesigners/CPPForGamesDesigners/CPPforGamesDesigners/Content/Characters/Mannequins/Rigs/Poses/Quinn/Quinn_thigh_r_anim.uasset" 1146
"C:/Users/b019810m/Documents/GitHub/ProjectCPPforGamesDesigners/CPPForGamesDesigners/CPPforGamesDesigners/Content/Characters/Mannequins/Rigs/Poses/Quinn/Quinn_thigh_r_anim.uexp" 1147
"C:/Users/b019810m/Documents/GitHub/ProjectCPPforGamesDesigners/CPPForGamesDesigners/CPPforGamesDesigners/Content/Characters/Mannequins/Rigs/Poses/Quinn/Quinn_thigh_r_pose.uasset" 1148
"C:/Users/b019810m/Documents/GitHub/ProjectCPPforGamesDesigners/CPPForGamesDesigners/CPPforGamesDesigners/Content/Characters/Mannequins/Rigs/Poses/Quinn/Quinn_thigh_r_pose.uexp" 1149
"C:/Users/b019810m/Documents/GitHub/ProjectCPPforGamesDesigners/CPPForGamesDesigners/CPPforGamesDesigners/Content/Characters/Mannequins/Rigs/Poses/Quinn/Quinn_hand_l_anim.uasset" 1150
"C:/Users/b019810m/Documents/GitHub/ProjectCPPforGamesDesigners/CPPForGamesDesigners/CPPforGamesDesigners/Content/Characters/Mannequins/Rigs/Poses/Quinn/Quinn_hand_l_anim.uexp" 1151
"C:/Users/b019810m/Documents/GitHub/ProjectCPPforGamesDesigners/CPPForGamesDesigners/CPPforGamesDesigners/Content/Characters/Mannequins/Rigs/Poses/Quinn/Quinn_hand_l_pose.uasset" 1152
"C:/Users/b019810m/Documents/GitHub/ProjectCPPforGamesDesigners/CPPForGamesDesigners/CPPforGamesDesigners/Content/Characters/Mannequins/Rigs/Poses/Quinn/Quinn_hand_l_pose.uexp" 1153
"C:/Users/b019810m/Documents/GitHub/ProjectCPPforGamesDesigners/CPPForGamesDesigners/CPPforGamesDesigners/Content/Characters/Mannequins/Rigs/Poses/Quinn/Quinn_hand_r_anim.uasset" 1154
"C:/Users/b019810m/Documents/GitHub/ProjectCPPforGamesDesigners/CPPForGamesDesigners/CPPforGamesDesigners/Content/Characters/Mannequins/Rigs/Poses/Quinn/Quinn_hand_r_anim.uexp" 1155
"C:/Users/b019810m/Documents/GitHub/ProjectCPPforGamesDesigners/CPPForGamesDesigners/CPPforGamesDesigners/Content/Characters/Mannequins/Rigs/Poses/Quinn/Quinn_hand_r_pose.uasset" 1156
"C:/Users/b019810m/Documents/GitHub/ProjectCPPforGamesDesigners/CPPForGamesDesigners/CPPforGamesDesigners/Content/Characters/Mannequins/Rigs/Poses/Quinn/Quinn_hand_r_pose.uexp" 1157
"C:/Users/b019810m/Documents/GitHub/ProjectCPPforGamesDesigners/CPPForGamesDesigners/CPPforGamesDesigners/Content/Characters/Mannequins/Rigs/ABP_Quinn_PostProcess.uasset" 1158
"C:/Users/b019810m/Documents/GitHub/ProjectCPPforGamesDesigners/CPPForGamesDesigners/CPPforGamesDesigners/Content/Characters/Mannequins/Rigs/ABP_Quinn_PostProcess.uexp" 1159
"C:/Users/b019810m/Documents/GitHub/ProjectCPPforGamesDesigners/CPPForGamesDesigners/CPPforGamesDesigners/Content/Characters/Mannequins/Meshes/SKM_Quinn.uasset" 1160
"C:/Users/b019810m/Documents/GitHub/ProjectCPPforGamesDesigners/CPPForGamesDesigners/CPPforGamesDesigners/Content/Characters/Mannequins/Meshes/SKM_Quinn.uexp" 1161
"C:/Users/b019810m/Documents/GitHub/ProjectCPPforGamesDesigners/CPPForGamesDesigners/CPPforGamesDesigners/Content/Characters/Mannequins/Textures/Manny/T_Manny_02_MSR_MSK.ubulk" 1162
"C:/Users/b019810m/Documents/GitHub/ProjectCPPforGamesDesigners/CPPForGamesDesigners/CPPforGamesDesigners/Content/Characters/Mannequins/Textures/Manny/T_Manny_02_MSR_MSK.uasset" 1163
"C:/Users/b019810m/Documents/GitHub/ProjectCPPforGamesDesigners/CPPForGamesDesigners/CPPforGamesDesigners/Content/Characters/Mannequins/Textures/Manny/T_Manny_02_MSR_MSK.uexp" 1164
"C:/Users/b019810m/Documents/GitHub/ProjectCPPforGamesDesigners/CPPForGamesDesigners/CPPforGamesDesigners/Content/Characters/Mannequins/Textures/Manny/T_Manny_02_CCRCCPlastic_MSK.ubulk" 1165
"C:/Users/b019810m/Documents/GitHub/ProjectCPPforGamesDesigners/CPPForGamesDesigners/CPPforGamesDesigners/Content/Characters/Mannequins/Textures/Manny/T_Manny_02_CCRCCPlastic_MSK.uasset" 1166
"C:/Users/b019810m/Documents/GitHub/ProjectCPPforGamesDesigners/CPPForGamesDesigners/CPPforGamesDesigners/Content/Characters/Mannequins/Textures/Manny/T_Manny_02_CCRCCPlastic_MSK.uexp" 1167
"C:/Users/b019810m/Documents/GitHub/ProjectCPPforGamesDesigners/CPPForGamesDesigners/CPPforGamesDesigners/Content/Characters/Mannequins/Textures/Manny/T_Manny_02_Tan.ubulk" 1168
"C:/Users/b019810m/Documents/GitHub/ProjectCPPforGamesDesigners/CPPForGamesDesigners/CPPforGamesDesigners/Content/Characters/Mannequins/Textures/Manny/T_Manny_02_Tan.uasset" 1169
"C:/Users/b019810m/Documents/GitHub/ProjectCPPforGamesDesigners/CPPForGamesDesigners/CPPforGamesDesigners/Content/Characters/Mannequins/Textures/Manny/T_Manny_02_Tan.uexp" 1170
"C:/Users/b019810m/Documents/GitHub/ProjectCPPforGamesDesigners/CPPForGamesDesigners/CPPforGamesDesigners/Content/Characters/Mannequins/Textures/Manny/T_Manny_02_N.ubulk" 1171
"C:/Users/b019810m/Documents/GitHub/ProjectCPPforGamesDesigners/CPPForGamesDesigners/CPPforGamesDesigners/Content/Characters/Mannequins/Textures/Manny/T_Manny_02_N.uasset" 1172
"C:/Users/b019810m/Documents/GitHub/ProjectCPPforGamesDesigners/CPPForGamesDesigners/CPPforGamesDesigners/Content/Characters/Mannequins/Textures/Manny/T_Manny_02_N.uexp" 1173
"C:/Users/b019810m/Documents/GitHub/ProjectCPPforGamesDesigners/CPPForGamesDesigners/CPPforGamesDesigners/Content/Characters/Mannequins/Materials/Instances/Manny/MI_Manny_01.uasset" 1174
"C:/Users/b019810m/Documents/GitHub/ProjectCPPforGamesDesigners/CPPForGamesDesigners/CPPforGamesDesigners/Content/Characters/Mannequins/Materials/Instances/Manny/MI_Manny_01.uexp" 1175
"C:/Users/b019810m/Documents/GitHub/ProjectCPPforGamesDesigners/CPPForGamesDesigners/CPPforGamesDesigners/Content/Characters/Mannequins/Textures/Manny/T_Manny_02_BN.ubulk" 1176
"C:/Users/b019810m/Documents/GitHub/ProjectCPPforGamesDesigners/CPPForGamesDesigners/CPPforGamesDesigners/Content/Characters/Mannequins/Textures/Manny/T_Manny_02_BN.uasset" 1177
"C:/Users/b019810m/Documents/GitHub/ProjectCPPforGamesDesigners/CPPForGamesDesigners/CPPforGamesDesigners/Content/Characters/Mannequins/Textures/Manny/T_Manny_02_BN.uexp" 1178
"C:/Users/b019810m/Documents/GitHub/ProjectCPPforGamesDesigners/CPPForGamesDesigners/CPPforGamesDesigners/Content/Characters/Mannequins/Textures/Manny/T_Manny_02_ASAOPMASK_MSK.ubulk" 1179
"C:/Users/b019810m/Documents/GitHub/ProjectCPPforGamesDesigners/CPPForGamesDesigners/CPPforGamesDesigners/Content/Characters/Mannequins/Textures/Manny/T_Manny_02_ASAOPMASK_MSK.uasset" 1180
"C:/Users/b019810m/Documents/GitHub/ProjectCPPforGamesDesigners/CPPForGamesDesigners/CPPforGamesDesigners/Content/Characters/Mannequins/Textures/Manny/T_Manny_02_ASAOPMASK_MSK.uexp" 1181
"C:/Users/b019810m/Documents/GitHub/ProjectCPPforGamesDesigners/CPPForGamesDesigners/CPPforGamesDesigners/Content/Characters/Mannequins/Textures/Manny/T_Manny_02_D.ubulk" 1182
"C:/Users/b019810m/Documents/GitHub/ProjectCPPforGamesDesigners/CPPForGamesDesigners/CPPforGamesDesigners/Content/Characters/Mannequins/Textures/Manny/T_Manny_02_D.uasset" 1183
"C:/Users/b019810m/Documents/GitHub/ProjectCPPforGamesDesigners/CPPForGamesDesigners/CPPforGamesDesigners/Content/Characters/Mannequins/Textures/Manny/T_Manny_02_D.uexp" 1184
"C:/Users/b019810m/Documents/GitHub/ProjectCPPforGamesDesigners/CPPForGamesDesigners/CPPforGamesDesigners/Content/Characters/Mannequins/Materials/Instances/Manny/MI_Manny_02.uasset" 1185
"C:/Users/b019810m/Documents/GitHub/ProjectCPPforGamesDesigners/CPPForGamesDesigners/CPPforGamesDesigners/Content/Characters/Mannequins/Materials/Instances/Manny/MI_Manny_02.uexp" 1186
"C:/Users/b019810m/Documents/GitHub/ProjectCPPforGamesDesigners/CPPForGamesDesigners/CPPforGamesDesigners/Content/Characters/Mannequins/Meshes/SKM_Manny_Simple.uasset" 1187
"C:/Users/b019810m/Documents/GitHub/ProjectCPPforGamesDesigners/CPPForGamesDesigners/CPPforGamesDesigners/Content/Characters/Mannequins/Meshes/SKM_Manny_Simple.uexp" 1188
"C:/Users/b019810m/Documents/GitHub/ProjectCPPforGamesDesigners/CPPForGamesDesigners/CPPforGamesDesigners/Content/Characters/Mannequins/Rigs/Poses/Manny/Manny_foot_l_anim.uasset" 1189
"C:/Users/b019810m/Documents/GitHub/ProjectCPPforGamesDesigners/CPPForGamesDesigners/CPPforGamesDesigners/Content/Characters/Mannequins/Rigs/Poses/Manny/Manny_foot_l_anim.uexp" 1190
"C:/Users/b019810m/Documents/GitHub/ProjectCPPforGamesDesigners/CPPForGamesDesigners/CPPforGamesDesigners/Content/Characters/Mannequins/Rigs/Poses/Manny/Manny_foot_l_pose.uasset" 1191
"C:/Users/b019810m/Documents/GitHub/ProjectCPPforGamesDesigners/CPPForGamesDesigners/CPPforGamesDesigners/Content/Characters/Mannequins/Rigs/Poses/Manny/Manny_foot_l_pose.uexp" 1192
"C:/Users/b019810m/Documents/GitHub/ProjectCPPforGamesDesigners/CPPForGamesDesigners/CPPforGamesDesigners/Content/Characters/Mannequins/Rigs/Poses/Manny/Manny_thigh_r_anim.uasset" 1193
"C:/Users/b019810m/Documents/GitHub/ProjectCPPforGamesDesigners/CPPForGamesDesigners/CPPforGamesDesigners/Content/Characters/Mannequins/Rigs/Poses/Manny/Manny_thigh_r_anim.uexp" 1194
"C:/Users/b019810m/Documents/GitHub/ProjectCPPforGamesDesigners/CPPForGamesDesigners/CPPforGamesDesigners/Content/Characters/Mannequins/Rigs/Poses/Manny/Manny_thigh_r_pose.uasset" 1195
"C:/Users/b019810m/Documents/GitHub/ProjectCPPforGamesDesigners/CPPForGamesDesigners/CPPforGamesDesigners/Content/Characters/Mannequins/Rigs/Poses/Manny/Manny_thigh_r_pose.uexp" 1196
"C:/Users/b019810m/Documents/GitHub/ProjectCPPforGamesDesigners/CPPForGamesDesigners/CPPforGamesDesigners/Content/Characters/Mannequins/Rigs/Poses/Manny/Manny_hand_r_anim.uasset" 1197
"C:/Users/b019810m/Documents/GitHub/ProjectCPPforGamesDesigners/CPPForGamesDesigners/CPPforGamesDesigners/Content/Characters/Mannequins/Rigs/Poses/Manny/Manny_hand_r_anim.uexp" 1198
"C:/Users/b019810m/Documents/GitHub/ProjectCPPforGamesDesigners/CPPForGamesDesigners/CPPforGamesDesigners/Content/Characters/Mannequins/Rigs/Poses/Manny/Manny_hand_r_pose.uasset" 1199
"C:/Users/b019810m/Documents/GitHub/ProjectCPPforGamesDesigners/CPPForGamesDesigners/CPPforGamesDesigners/Content/Characters/Mannequins/Rigs/Poses/Manny/Manny_hand_r_pose.uexp" 1200
"C:/Users/b019810m/Documents/GitHub/ProjectCPPforGamesDesigners/CPPForGamesDesigners/CPPforGamesDesigners/Content/Characters/Mannequins/Rigs/Poses/Manny/Manny_clavicle_l_anim.uasset" 1201
"C:/Users/b019810m/Documents/GitHub/ProjectCPPforGamesDesigners/CPPForGamesDesigners/CPPforGamesDesigners/Content/Characters/Mannequins/Rigs/Poses/Manny/Manny_clavicle_l_anim.uexp" 1202
"C:/Users/b019810m/Documents/GitHub/ProjectCPPforGamesDesigners/CPPForGamesDesigners/CPPforGamesDesigners/Content/Characters/Mannequins/Rigs/Poses/Manny/Manny_clavicle_l_pose.uasset" 1203
"C:/Users/b019810m/Documents/GitHub/ProjectCPPforGamesDesigners/CPPForGamesDesigners/CPPforGamesDesigners/Content/Characters/Mannequins/Rigs/Poses/Manny/Manny_clavicle_l_pose.uexp" 1204
"C:/Users/b019810m/Documents/GitHub/ProjectCPPforGamesDesigners/CPPForGamesDesigners/CPPforGamesDesigners/Content/Characters/Mannequins/Rigs/Poses/Manny/Manny_calf_l_anim.uasset" 1205
"C:/Users/b019810m/Documents/GitHub/ProjectCPPforGamesDesigners/CPPForGamesDesigners/CPPforGamesDesigners/Content/Characters/Mannequins/Rigs/Poses/Manny/Manny_calf_l_anim.uexp" 1206
"C:/Users/b019810m/Documents/GitHub/ProjectCPPforGamesDesigners/CPPForGamesDesigners/CPPforGamesDesigners/Content/Characters/Mannequins/Rigs/Poses/Manny/Manny_calf_l_pose.uasset" 1207
"C:/Users/b019810m/Documents/GitHub/ProjectCPPforGamesDesigners/CPPForGamesDesigners/CPPforGamesDesigners/Content/Characters/Mannequins/Rigs/Poses/Manny/Manny_calf_l_pose.uexp" 1208
"C:/Users/b019810m/Documents/GitHub/ProjectCPPforGamesDesigners/CPPForGamesDesigners/CPPforGamesDesigners/Content/Characters/Mannequins/Rigs/Poses/Manny/Manny_hand_l_anim.uasset" 1209
"C:/Users/b019810m/Documents/GitHub/ProjectCPPforGamesDesigners/CPPForGamesDesigners/CPPforGamesDesigners/Content/Characters/Mannequins/Rigs/Poses/Manny/Manny_hand_l_anim.uexp" 1210
"C:/Users/b019810m/Documents/GitHub/ProjectCPPforGamesDesigners/CPPForGamesDesigners/CPPforGamesDesigners/Content/Characters/Mannequins/Rigs/Poses/Manny/Manny_hand_l_pose.uasset" 1211
"C:/Users/b019810m/Documents/GitHub/ProjectCPPforGamesDesigners/CPPForGamesDesigners/CPPforGamesDesigners/Content/Characters/Mannequins/Rigs/Poses/Manny/Manny_hand_l_pose.uexp" 1212
"C:/Users/b019810m/Documents/GitHub/ProjectCPPforGamesDesigners/CPPForGamesDesigners/CPPforGamesDesigners/Content/Characters/Mannequins/Rigs/Poses/Manny/Manny_upperarm_r_anim.uasset" 1213
"C:/Users/b019810m/Documents/GitHub/ProjectCPPforGamesDesigners/CPPForGamesDesigners/CPPforGamesDesigners/Content/Characters/Mannequins/Rigs/Poses/Manny/Manny_upperarm_r_anim.uexp" 1214
"C:/Users/b019810m/Documents/GitHub/ProjectCPPforGamesDesigners/CPPForGamesDesigners/CPPforGamesDesigners/Content/Characters/Mannequins/Rigs/Poses/Manny/Manny_upperarm_r_pose.uasset" 1215
"C:/Users/b019810m/Documents/GitHub/ProjectCPPforGamesDesigners/CPPForGamesDesigners/CPPforGamesDesigners/Content/Characters/Mannequins/Rigs/Poses/Manny/Manny_upperarm_r_pose.uexp" 1216
"C:/Users/b019810m/Documents/GitHub/ProjectCPPforGamesDesigners/CPPForGamesDesigners/CPPforGamesDesigners/Content/Characters/Mannequins/Rigs/Poses/Manny/Manny_lowerarm_r_anim.uasset" 1217
"C:/Users/b019810m/Documents/GitHub/ProjectCPPforGamesDesigners/CPPForGamesDesigners/CPPforGamesDesigners/Content/Characters/Mannequins/Rigs/Poses/Manny/Manny_lowerarm_r_anim.uexp" 1218
"C:/Users/b019810m/Documents/GitHub/ProjectCPPforGamesDesigners/CPPForGamesDesigners/CPPforGamesDesigners/Content/Characters/Mannequins/Rigs/Poses/Manny/Manny_lowerarm_r_pose.uasset" 1219
"C:/Users/b019810m/Documents/GitHub/ProjectCPPforGamesDesigners/CPPForGamesDesigners/CPPforGamesDesigners/Content/Characters/Mannequins/Rigs/Poses/Manny/Manny_lowerarm_r_pose.uexp" 1220
"C:/Users/b019810m/Documents/GitHub/ProjectCPPforGamesDesigners/CPPForGamesDesigners/CPPforGamesDesigners/Content/Characters/Mannequins/Rigs/Poses/Manny/Manny_calf_r_anim.uasset" 1221
"C:/Users/b019810m/Documents/GitHub/ProjectCPPforGamesDesigners/CPPForGamesDesigners/CPPforGamesDesigners/Content/Characters/Mannequins/Rigs/Poses/Manny/Manny_calf_r_anim.uexp" 1222
"C:/Users/b019810m/Documents/GitHub/ProjectCPPforGamesDesigners/CPPForGamesDesigners/CPPforGamesDesigners/Content/Characters/Mannequins/Rigs/Poses/Manny/Manny_calf_r_pose.uasset" 1223
"C:/Users/b019810m/Documents/GitHub/ProjectCPPforGamesDesigners/CPPForGamesDesigners/CPPforGamesDesigners/Content/Characters/Mannequins/Rigs/Poses/Manny/Manny_calf_r_pose.uexp" 1224
"C:/Users/b019810m/Documents/GitHub/ProjectCPPforGamesDesigners/CPPForGamesDesigners/CPPforGamesDesigners/Content/Characters/Mannequins/Rigs/Poses/Manny/Manny_foot_r_anim.uasset" 1225
"C:/Users/b019810m/Documents/GitHub/ProjectCPPforGamesDesigners/CPPForGamesDesigners/CPPforGamesDesigners/Content/Characters/Mannequins/Rigs/Poses/Manny/Manny_foot_r_anim.uexp" 1226
"C:/Users/b019810m/Documents/GitHub/ProjectCPPforGamesDesigners/CPPForGamesDesigners/CPPforGamesDesigners/Content/Characters/Mannequins/Rigs/Poses/Manny/Manny_foot_r_pose.uasset" 1227
"C:/Users/b019810m/Documents/GitHub/ProjectCPPforGamesDesigners/CPPForGamesDesigners/CPPforGamesDesigners/Content/Characters/Mannequins/Rigs/Poses/Manny/Manny_foot_r_pose.uexp" 1228
"C:/Users/b019810m/Documents/GitHub/ProjectCPPforGamesDesigners/CPPForGamesDesigners/CPPforGamesDesigners/Content/Characters/Mannequins/Rigs/Poses/Manny/Manny_lowerarm_l_anim.uasset" 1229
"C:/Users/b019810m/Documents/GitHub/ProjectCPPforGamesDesigners/CPPForGamesDesigners/CPPforGamesDesigners/Content/Characters/Mannequins/Rigs/Poses/Manny/Manny_lowerarm_l_anim.uexp" 1230
"C:/Users/b019810m/Documents/GitHub/ProjectCPPforGamesDesigners/CPPForGamesDesigners/CPPforGamesDesigners/Content/Characters/Mannequins/Rigs/Poses/Manny/Manny_lowerarm_l_pose.uasset" 1231
"C:/Users/b019810m/Documents/GitHub/ProjectCPPforGamesDesigners/CPPForGamesDesigners/CPPforGamesDesigners/Content/Characters/Mannequins/Rigs/Poses/Manny/Manny_lowerarm_l_pose.uexp" 1232
"C:/Users/b019810m/Documents/GitHub/ProjectCPPforGamesDesigners/CPPForGamesDesigners/CPPforGamesDesigners/Content/Characters/Mannequins/Rigs/Poses/Manny/Manny_clavicle_r_anim.uasset" 1233
"C:/Users/b019810m/Documents/GitHub/ProjectCPPforGamesDesigners/CPPForGamesDesigners/CPPforGamesDesigners/Content/Characters/Mannequins/Rigs/Poses/Manny/Manny_clavicle_r_anim.uexp" 1234
"C:/Users/b019810m/Documents/GitHub/ProjectCPPforGamesDesigners/CPPForGamesDesigners/CPPforGamesDesigners/Content/Characters/Mannequins/Rigs/Poses/Manny/Manny_clavicle_r_pose.uasset" 1235
"C:/Users/b019810m/Documents/GitHub/ProjectCPPforGamesDesigners/CPPForGamesDesigners/CPPforGamesDesigners/Content/Characters/Mannequins/Rigs/Poses/Manny/Manny_clavicle_r_pose.uexp" 1236
"C:/Users/b019810m/Documents/GitHub/ProjectCPPforGamesDesigners/CPPForGamesDesigners/CPPforGamesDesigners/Content/Characters/Mannequins/Rigs/Poses/Manny/Manny_thigh_l_anim.uasset" 1237
"C:/Users/b019810m/Documents/GitHub/ProjectCPPforGamesDesigners/CPPForGamesDesigners/CPPforGamesDesigners/Content/Characters/Mannequins/Rigs/Poses/Manny/Manny_thigh_l_anim.uexp" 1238
"C:/Users/b019810m/Documents/GitHub/ProjectCPPforGamesDesigners/CPPForGamesDesigners/CPPforGamesDesigners/Content/Characters/Mannequins/Rigs/Poses/Manny/Manny_thigh_l_pose.uasset" 1239
"C:/Users/b019810m/Documents/GitHub/ProjectCPPforGamesDesigners/CPPForGamesDesigners/CPPforGamesDesigners/Content/Characters/Mannequins/Rigs/Poses/Manny/Manny_thigh_l_pose.uexp" 1240
"C:/Users/b019810m/Documents/GitHub/ProjectCPPforGamesDesigners/CPPForGamesDesigners/CPPforGamesDesigners/Content/Characters/Mannequins/Rigs/Poses/Manny/Manny_upperarm_l_anim.uasset" 1241
"C:/Users/b019810m/Documents/GitHub/ProjectCPPforGamesDesigners/CPPForGamesDesigners/CPPforGamesDesigners/Content/Characters/Mannequins/Rigs/Poses/Manny/Manny_upperarm_l_anim.uexp" 1242
"C:/Users/b019810m/Documents/GitHub/ProjectCPPforGamesDesigners/CPPForGamesDesigners/CPPforGamesDesigners/Content/Characters/Mannequins/Rigs/Poses/Manny/Manny_upperarm_l_pose.uasset" 1243
"C:/Users/b019810m/Documents/GitHub/ProjectCPPforGamesDesigners/CPPForGamesDesigners/CPPforGamesDesigners/Content/Characters/Mannequins/Rigs/Poses/Manny/Manny_upperarm_l_pose.uexp" 1244
"C:/Users/b019810m/Documents/GitHub/ProjectCPPforGamesDesigners/CPPForGamesDesigners/CPPforGamesDesigners/Content/Characters/Mannequins/Rigs/ABP_Manny_PostProcess.uasset" 1245
"C:/Users/b019810m/Documents/GitHub/ProjectCPPforGamesDesigners/CPPForGamesDesigners/CPPforGamesDesigners/Content/Characters/Mannequins/Rigs/ABP_Manny_PostProcess.uexp" 1246
"C:/Users/b019810m/Documents/GitHub/ProjectCPPforGamesDesigners/CPPForGamesDesigners/CPPforGamesDesigners/Content/Characters/Mannequins/Meshes/SKM_Manny.uasset" 1247
"C:/Users/b019810m/Documents/GitHub/ProjectCPPforGamesDesigners/CPPForGamesDesigners/CPPforGamesDesigners/Content/Characters/Mannequins/Meshes/SKM_Manny.uexp" 1248
"C:/Users/b019810m/Documents/GitHub/ProjectCPPforGamesDesigners/CPPForGamesDesigners/CPPforGamesDesigners/Content/Characters/Mannequins/Meshes/Mannequin_LODSettings.uasset" 1249
"C:/Users/b019810m/Documents/GitHub/ProjectCPPforGamesDesigners/CPPForGamesDesigners/CPPforGamesDesigners/Content/Characters/Mannequins/Meshes/Mannequin_LODSettings.uexp" 1250
"../../../Engine/Content/Functions/Engine_MaterialFunctions01/Shading/PowerToRoughness.uasset" 1251
"../../../Engine/Content/Functions/Engine_MaterialFunctions01/Shading/PowerToRoughness.uexp" 1252
"../../../Engine/Content/Functions/Engine_MaterialFunctions01/Shading/ConvertFromDiffSpec.uasset" 1253
"../../../Engine/Content/Functions/Engine_MaterialFunctions01/Shading/ConvertFromDiffSpec.uexp" 1254
"../../../Engine/Content/EngineMaterials/Substrate/Volume/SubstrateSimpleVolumeLUT3D.uasset" 1255
"../../../Engine/Content/EngineMaterials/Substrate/Volume/SubstrateSimpleVolumeLUT3D.uexp" 1256
"../../../Engine/Content/EngineMaterials/Substrate/Volume/SubstrateSimpleVolumeEnvLUT3D.uasset" 1257
"../../../Engine/Content/EngineMaterials/Substrate/Volume/SubstrateSimpleVolumeEnvLUT3D.uexp" 1258
"../../../Engine/Content/EngineMaterials/Substrate/GLints2/AGlintTex2dArray2.uasset" 1259
"../../../Engine/Content/EngineMaterials/Substrate/GLints2/AGlintTex2dArray2.uexp" 1260
"../../../Engine/Content/EngineMaterials/Substrate/GLints/AGlintTex2dArray.uasset" 1261
"../../../Engine/Content/EngineMaterials/Substrate/GLints/AGlintTex2dArray.uexp" 1262
"C:/Users/b019810m/Documents/GitHub/ProjectCPPforGamesDesigners/CPPForGamesDesigners/CPPforGamesDesigners/Content/Models/Materials/Road.uasset" 1263
"C:/Users/b019810m/Documents/GitHub/ProjectCPPforGamesDesigners/CPPForGamesDesigners/CPPforGamesDesigners/Content/Models/Materials/Road.uexp" 1264
"C:/Users/b019810m/Documents/GitHub/ProjectCPPforGamesDesigners/CPPForGamesDesigners/CPPforGamesDesigners/Content/Models/OutsideObjectives_Roads/90Degree/ROADS_90Degree_Box015.ubulk" 1265
"C:/Users/b019810m/Documents/GitHub/ProjectCPPforGamesDesigners/CPPForGamesDesigners/CPPforGamesDesigners/Content/Models/OutsideObjectives_Roads/90Degree/ROADS_90Degree_Box015.uasset" 1266
"C:/Users/b019810m/Documents/GitHub/ProjectCPPforGamesDesigners/CPPForGamesDesigners/CPPforGamesDesigners/Content/Models/OutsideObjectives_Roads/90Degree/ROADS_90Degree_Box015.uexp" 1267
"C:/Users/b019810m/Documents/GitHub/ProjectCPPforGamesDesigners/CPPForGamesDesigners/CPPforGamesDesigners/Content/Models/Area2/IndentedRoof/IndentedRoof_Box024.ubulk" 1268
"C:/Users/b019810m/Documents/GitHub/ProjectCPPforGamesDesigners/CPPForGamesDesigners/CPPforGamesDesigners/Content/Models/Area2/IndentedRoof/IndentedRoof_Box024.uasset" 1269
"C:/Users/b019810m/Documents/GitHub/ProjectCPPforGamesDesigners/CPPForGamesDesigners/CPPforGamesDesigners/Content/Models/Area2/IndentedRoof/IndentedRoof_Box024.uexp" 1270
"C:/Users/b019810m/Documents/GitHub/ProjectCPPforGamesDesigners/CPPForGamesDesigners/CPPforGamesDesigners/Content/Models/Materials/White.uasset" 1271
"C:/Users/b019810m/Documents/GitHub/ProjectCPPforGamesDesigners/CPPForGamesDesigners/CPPforGamesDesigners/Content/Models/Materials/White.uexp" 1272
"C:/Users/b019810m/Documents/GitHub/ProjectCPPforGamesDesigners/CPPForGamesDesigners/CPPforGamesDesigners/Content/Models/InsideObjectives_Roads/StraightRoad/StraightRoad.ubulk" 1273
"C:/Users/b019810m/Documents/GitHub/ProjectCPPforGamesDesigners/CPPForGamesDesigners/CPPforGamesDesigners/Content/Models/InsideObjectives_Roads/StraightRoad/StraightRoad.uasset" 1274
"C:/Users/b019810m/Documents/GitHub/ProjectCPPforGamesDesigners/CPPForGamesDesigners/CPPforGamesDesigners/Content/Models/InsideObjectives_Roads/StraightRoad/StraightRoad.uexp" 1275
"C:/Users/b019810m/Documents/GitHub/ProjectCPPforGamesDesigners/CPPForGamesDesigners/CPPforGamesDesigners/Content/Models/OutsideObjectives_Roads/90Degree/ROADS_90Degree_Box013.ubulk" 1276
"C:/Users/b019810m/Documents/GitHub/ProjectCPPforGamesDesigners/CPPForGamesDesigners/CPPforGamesDesigners/Content/Models/OutsideObjectives_Roads/90Degree/ROADS_90Degree_Box013.uasset" 1277
"C:/Users/b019810m/Documents/GitHub/ProjectCPPforGamesDesigners/CPPForGamesDesigners/CPPforGamesDesigners/Content/Models/OutsideObjectives_Roads/90Degree/ROADS_90Degree_Box013.uexp" 1278
"C:/Users/b019810m/Documents/GitHub/ProjectCPPforGamesDesigners/CPPForGamesDesigners/CPPforGamesDesigners/Content/Models/Materials/Green.uasset" 1279
"C:/Users/b019810m/Documents/GitHub/ProjectCPPforGamesDesigners/CPPForGamesDesigners/CPPforGamesDesigners/Content/Models/Materials/Green.uexp" 1280
"C:/Users/b019810m/Documents/GitHub/ProjectCPPforGamesDesigners/CPPForGamesDesigners/CPPforGamesDesigners/Content/Models/Area1/ThinWarehouse/Thin_Warehouse_Thin_Warehouse1.ubulk" 1281
"C:/Users/b019810m/Documents/GitHub/ProjectCPPforGamesDesigners/CPPForGamesDesigners/CPPforGamesDesigners/Content/Models/Area1/ThinWarehouse/Thin_Warehouse_Thin_Warehouse1.uasset" 1282
"C:/Users/b019810m/Documents/GitHub/ProjectCPPforGamesDesigners/CPPForGamesDesigners/CPPforGamesDesigners/Content/Models/Area1/ThinWarehouse/Thin_Warehouse_Thin_Warehouse1.uexp" 1283
"C:/Users/b019810m/Documents/GitHub/ProjectCPPforGamesDesigners/CPPForGamesDesigners/CPPforGamesDesigners/Content/Models/InsideObjectives_Roads/90DegreeRoad/90_Degree_Turn_Box012.ubulk" 1284
"C:/Users/b019810m/Documents/GitHub/ProjectCPPforGamesDesigners/CPPForGamesDesigners/CPPforGamesDesigners/Content/Models/InsideObjectives_Roads/90DegreeRoad/90_Degree_Turn_Box012.uasset" 1285
"C:/Users/b019810m/Documents/GitHub/ProjectCPPforGamesDesigners/CPPForGamesDesigners/CPPforGamesDesigners/Content/Models/InsideObjectives_Roads/90DegreeRoad/90_Degree_Turn_Box012.uexp" 1286
"C:/Users/b019810m/Documents/GitHub/ProjectCPPforGamesDesigners/CPPForGamesDesigners/CPPforGamesDesigners/Content/Models/Materials/Red.uasset" 1287
"C:/Users/b019810m/Documents/GitHub/ProjectCPPforGamesDesigners/CPPForGamesDesigners/CPPforGamesDesigners/Content/Models/Materials/Red.uexp" 1288
"C:/Users/b019810m/Documents/GitHub/ProjectCPPforGamesDesigners/CPPForGamesDesigners/CPPforGamesDesigners/Content/Models/Area1/LargeWarehouse/Large_Warehouse_Box001.ubulk" 1289
"C:/Users/b019810m/Documents/GitHub/ProjectCPPforGamesDesigners/CPPForGamesDesigners/CPPforGamesDesigners/Content/Models/Area1/LargeWarehouse/Large_Warehouse_Box001.uasset" 1290
"C:/Users/b019810m/Documents/GitHub/ProjectCPPforGamesDesigners/CPPForGamesDesigners/CPPforGamesDesigners/Content/Models/Area1/LargeWarehouse/Large_Warehouse_Box001.uexp" 1291
"C:/Users/b019810m/Documents/GitHub/ProjectCPPforGamesDesigners/CPPForGamesDesigners/CPPforGamesDesigners/Content/Models/Area1/ThickWarehouse/Thick_Warehouse_Thick_Warehouse001.ubulk" 1292
"C:/Users/b019810m/Documents/GitHub/ProjectCPPforGamesDesigners/CPPForGamesDesigners/CPPforGamesDesigners/Content/Models/Area1/ThickWarehouse/Thick_Warehouse_Thick_Warehouse001.uasset" 1293
"C:/Users/b019810m/Documents/GitHub/ProjectCPPforGamesDesigners/CPPForGamesDesigners/CPPforGamesDesigners/Content/Models/Area1/ThickWarehouse/Thick_Warehouse_Thick_Warehouse001.uexp" 1294
"C:/Users/b019810m/Documents/GitHub/ProjectCPPforGamesDesigners/CPPForGamesDesigners/CPPforGamesDesigners/Content/Models/Materials/Purple.uasset" 1295
"C:/Users/b019810m/Documents/GitHub/ProjectCPPforGamesDesigners/CPPForGamesDesigners/CPPforGamesDesigners/Content/Models/Materials/Purple.uexp" 1296
"C:/Users/b019810m/Documents/GitHub/ProjectCPPforGamesDesigners/CPPForGamesDesigners/CPPforGamesDesigners/Content/Models/Area2/IndentedRoof/IndentedRoof_Box022.ubulk" 1297
"C:/Users/b019810m/Documents/GitHub/ProjectCPPforGamesDesigners/CPPForGamesDesigners/CPPforGamesDesigners/Content/Models/Area2/IndentedRoof/IndentedRoof_Box022.uasset" 1298
"C:/Users/b019810m/Documents/GitHub/ProjectCPPforGamesDesigners/CPPForGamesDesigners/CPPforGamesDesigners/Content/Models/Area2/IndentedRoof/IndentedRoof_Box022.uexp" 1299
"C:/Users/b019810m/Documents/GitHub/ProjectCPPforGamesDesigners/CPPForGamesDesigners/CPPforGamesDesigners/Content/Models/Area1/ThinWarehouse/Thin_Warehouse_Box004.ubulk" 1300
"C:/Users/b019810m/Documents/GitHub/ProjectCPPforGamesDesigners/CPPForGamesDesigners/CPPforGamesDesigners/Content/Models/Area1/ThinWarehouse/Thin_Warehouse_Box004.uasset" 1301
"C:/Users/b019810m/Documents/GitHub/ProjectCPPforGamesDesigners/CPPForGamesDesigners/CPPforGamesDesigners/Content/Models/Area1/ThinWarehouse/Thin_Warehouse_Box004.uexp" 1302
"C:/Users/b019810m/Documents/GitHub/ProjectCPPforGamesDesigners/CPPForGamesDesigners/CPPforGamesDesigners/Content/Models/Area2/MediumWarehouse/Medium_Warehouse_Box027.ubulk" 1303
"C:/Users/b019810m/Documents/GitHub/ProjectCPPforGamesDesigners/CPPForGamesDesigners/CPPforGamesDesigners/Content/Models/Area2/MediumWarehouse/Medium_Warehouse_Box027.uasset" 1304
"C:/Users/b019810m/Documents/GitHub/ProjectCPPforGamesDesigners/CPPForGamesDesigners/CPPforGamesDesigners/Content/Models/Area2/MediumWarehouse/Medium_Warehouse_Box027.uexp" 1305
"C:/Users/b019810m/Documents/GitHub/ProjectCPPforGamesDesigners/CPPForGamesDesigners/CPPforGamesDesigners/Content/Models/Materials/Blue.uasset" 1306
"C:/Users/b019810m/Documents/GitHub/ProjectCPPforGamesDesigners/CPPForGamesDesigners/CPPforGamesDesigners/Content/Models/Materials/Blue.uexp" 1307
"C:/Users/b019810m/Documents/GitHub/ProjectCPPforGamesDesigners/CPPForGamesDesigners/CPPforGamesDesigners/Content/Models/Area1/LargeWarehouse/Large_Warehouse_Box002.ubulk" 1308
"C:/Users/b019810m/Documents/GitHub/ProjectCPPforGamesDesigners/CPPForGamesDesigners/CPPforGamesDesigners/Content/Models/Area1/LargeWarehouse/Large_Warehouse_Box002.uasset" 1309
"C:/Users/b019810m/Documents/GitHub/ProjectCPPforGamesDesigners/CPPForGamesDesigners/CPPforGamesDesigners/Content/Models/Area1/LargeWarehouse/Large_Warehouse_Box002.uexp" 1310
"C:/Users/b019810m/Documents/GitHub/ProjectCPPforGamesDesigners/CPPForGamesDesigners/CPPforGamesDesigners/Content/Models/OutsideObjectives_Roads/StraightRoad/ROADS_Straight.ubulk" 1311
"C:/Users/b019810m/Documents/GitHub/ProjectCPPforGamesDesigners/CPPForGamesDesigners/CPPforGamesDesigners/Content/Models/OutsideObjectives_Roads/StraightRoad/ROADS_Straight.uasset" 1312
"C:/Users/b019810m/Documents/GitHub/ProjectCPPforGamesDesigners/CPPForGamesDesigners/CPPforGamesDesigners/Content/Models/OutsideObjectives_Roads/StraightRoad/ROADS_Straight.uexp" 1313
"C:/Users/b019810m/Documents/GitHub/ProjectCPPforGamesDesigners/CPPForGamesDesigners/CPPforGamesDesigners/Content/Models/InsideObjectives_Roads/TJunction/T_Junction.ubulk" 1314
"C:/Users/b019810m/Documents/GitHub/ProjectCPPforGamesDesigners/CPPForGamesDesigners/CPPforGamesDesigners/Content/Models/InsideObjectives_Roads/TJunction/T_Junction.uasset" 1315
"C:/Users/b019810m/Documents/GitHub/ProjectCPPforGamesDesigners/CPPForGamesDesigners/CPPforGamesDesigners/Content/Models/InsideObjectives_Roads/TJunction/T_Junction.uexp" 1316
"C:/Users/b019810m/Documents/GitHub/ProjectCPPforGamesDesigners/CPPForGamesDesigners/CPPforGamesDesigners/Content/Models/Area2/MediumWarehouse/Medium_Warehouse_Box029.ubulk" 1317
"C:/Users/b019810m/Documents/GitHub/ProjectCPPforGamesDesigners/CPPForGamesDesigners/CPPforGamesDesigners/Content/Models/Area2/MediumWarehouse/Medium_Warehouse_Box029.uasset" 1318
"C:/Users/b019810m/Documents/GitHub/ProjectCPPforGamesDesigners/CPPForGamesDesigners/CPPforGamesDesigners/Content/Models/Area2/MediumWarehouse/Medium_Warehouse_Box029.uexp" 1319
"C:/Users/b019810m/Documents/GitHub/ProjectCPPforGamesDesigners/CPPForGamesDesigners/CPPforGamesDesigners/Content/Models/InsideObjectives_Roads/90DegreeRoad/90_Degree_Turn_Box013.ubulk" 1320
"C:/Users/b019810m/Documents/GitHub/ProjectCPPforGamesDesigners/CPPForGamesDesigners/CPPforGamesDesigners/Content/Models/InsideObjectives_Roads/90DegreeRoad/90_Degree_Turn_Box013.uasset" 1321
"C:/Users/b019810m/Documents/GitHub/ProjectCPPforGamesDesigners/CPPForGamesDesigners/CPPforGamesDesigners/Content/Models/InsideObjectives_Roads/90DegreeRoad/90_Degree_Turn_Box013.uexp" 1322
"C:/Users/b019810m/Documents/GitHub/ProjectCPPforGamesDesigners/CPPForGamesDesigners/CPPforGamesDesigners/Content/Models/InsideObjectives_Roads/Crossroads/Crossroads.ubulk" 1323
"C:/Users/b019810m/Documents/GitHub/ProjectCPPforGamesDesigners/CPPForGamesDesigners/CPPforGamesDesigners/Content/Models/InsideObjectives_Roads/Crossroads/Crossroads.uasset" 1324
"C:/Users/b019810m/Documents/GitHub/ProjectCPPforGamesDesigners/CPPForGamesDesigners/CPPforGamesDesigners/Content/Models/InsideObjectives_Roads/Crossroads/Crossroads.uexp" 1325
"C:/Users/b019810m/Documents/GitHub/ProjectCPPforGamesDesigners/CPPForGamesDesigners/CPPforGamesDesigners/Content/Models/Area1/LargeWarehouse/Large_Warehouse_Building_Size.ubulk" 1326
"C:/Users/b019810m/Documents/GitHub/ProjectCPPforGamesDesigners/CPPForGamesDesigners/CPPforGamesDesigners/Content/Models/Area1/LargeWarehouse/Large_Warehouse_Building_Size.uasset" 1327
"C:/Users/b019810m/Documents/GitHub/ProjectCPPforGamesDesigners/CPPForGamesDesigners/CPPforGamesDesigners/Content/Models/Area1/LargeWarehouse/Large_Warehouse_Building_Size.uexp" 1328
"C:/Users/b019810m/Documents/GitHub/ProjectCPPforGamesDesigners/CPPForGamesDesigners/CPPforGamesDesigners/Content/Models/OutsideObjectives_Roads/TJunction/ROADS_TJUNCTION.ubulk" 1329
"C:/Users/b019810m/Documents/GitHub/ProjectCPPforGamesDesigners/CPPForGamesDesigners/CPPforGamesDesigners/Content/Models/OutsideObjectives_Roads/TJunction/ROADS_TJUNCTION.uasset" 1330
"C:/Users/b019810m/Documents/GitHub/ProjectCPPforGamesDesigners/CPPForGamesDesigners/CPPforGamesDesigners/Content/Models/OutsideObjectives_Roads/TJunction/ROADS_TJUNCTION.uexp" 1331
"C:/Users/b019810m/Documents/GitHub/ProjectCPPforGamesDesigners/CPPForGamesDesigners/CPPforGamesDesigners/Content/Models/Area3/Tiny_Warehouse.ubulk" 1332
"C:/Users/b019810m/Documents/GitHub/ProjectCPPforGamesDesigners/CPPForGamesDesigners/CPPforGamesDesigners/Content/Models/Area3/Tiny_Warehouse.uasset" 1333
"C:/Users/b019810m/Documents/GitHub/ProjectCPPforGamesDesigners/CPPForGamesDesigners/CPPforGamesDesigners/Content/Models/Area3/Tiny_Warehouse.uexp" 1334
"C:/Users/b019810m/Documents/GitHub/ProjectCPPforGamesDesigners/CPPForGamesDesigners/CPPforGamesDesigners/Content/Models/Area2/MediumWarehouse/Medium_Warehouse_Box028.ubulk" 1335
"C:/Users/b019810m/Documents/GitHub/ProjectCPPforGamesDesigners/CPPForGamesDesigners/CPPforGamesDesigners/Content/Models/Area2/MediumWarehouse/Medium_Warehouse_Box028.uasset" 1336
"C:/Users/b019810m/Documents/GitHub/ProjectCPPforGamesDesigners/CPPForGamesDesigners/CPPforGamesDesigners/Content/Models/Area2/MediumWarehouse/Medium_Warehouse_Box028.uexp" 1337
"C:/Users/b019810m/Documents/GitHub/ProjectCPPforGamesDesigners/CPPForGamesDesigners/CPPforGamesDesigners/Content/Models/Hills/Cliff__3_-_Player_Spawn_-_Length.ubulk" 1338
"C:/Users/b019810m/Documents/GitHub/ProjectCPPforGamesDesigners/CPPForGamesDesigners/CPPforGamesDesigners/Content/Models/Hills/Cliff__3_-_Player_Spawn_-_Length.uasset" 1339
"C:/Users/b019810m/Documents/GitHub/ProjectCPPforGamesDesigners/CPPForGamesDesigners/CPPforGamesDesigners/Content/Models/Hills/Cliff__3_-_Player_Spawn_-_Length.uexp" 1340
"C:/Users/b019810m/Documents/GitHub/ProjectCPPforGamesDesigners/CPPForGamesDesigners/CPPforGamesDesigners/Content/Level/Cliff.uasset" 1341
"C:/Users/b019810m/Documents/GitHub/ProjectCPPforGamesDesigners/CPPForGamesDesigners/CPPforGamesDesigners/Content/Level/Cliff.uexp" 1342
"C:/Users/b019810m/Documents/GitHub/ProjectCPPforGamesDesigners/CPPForGamesDesigners/CPPforGamesDesigners/Content/Models/Area1/ThickWarehouse/Thick_Warehouse_Box005.ubulk" 1343
"C:/Users/b019810m/Documents/GitHub/ProjectCPPforGamesDesigners/CPPForGamesDesigners/CPPforGamesDesigners/Content/Models/Area1/ThickWarehouse/Thick_Warehouse_Box005.uasset" 1344
"C:/Users/b019810m/Documents/GitHub/ProjectCPPforGamesDesigners/CPPForGamesDesigners/CPPforGamesDesigners/Content/Models/Area1/ThickWarehouse/Thick_Warehouse_Box005.uexp" 1345
"C:/Users/b019810m/Documents/GitHub/ProjectCPPforGamesDesigners/CPPForGamesDesigners/CPPforGamesDesigners/Content/Models/Area1/MassiveWarehouse/Massive_Warehouse_Box008.ubulk" 1346
"C:/Users/b019810m/Documents/GitHub/ProjectCPPforGamesDesigners/CPPForGamesDesigners/CPPforGamesDesigners/Content/Models/Area1/MassiveWarehouse/Massive_Warehouse_Box008.uasset" 1347
"C:/Users/b019810m/Documents/GitHub/ProjectCPPforGamesDesigners/CPPForGamesDesigners/CPPforGamesDesigners/Content/Models/Area1/MassiveWarehouse/Massive_Warehouse_Box008.uexp" 1348
"C:/Users/b019810m/Documents/GitHub/ProjectCPPforGamesDesigners/CPPForGamesDesigners/CPPforGamesDesigners/Content/Models/SmallWarehouseBuilding.ubulk" 1349
"C:/Users/b019810m/Documents/GitHub/ProjectCPPforGamesDesigners/CPPForGamesDesigners/CPPforGamesDesigners/Content/Models/SmallWarehouseBuilding.uasset" 1350
"C:/Users/b019810m/Documents/GitHub/ProjectCPPforGamesDesigners/CPPForGamesDesigners/CPPforGamesDesigners/Content/Models/SmallWarehouseBuilding.uexp" 1351
"C:/Users/b019810m/Documents/GitHub/ProjectCPPforGamesDesigners/CPPForGamesDesigners/CPPforGamesDesigners/Content/Models/Area1/MassiveWarehouse/Massive_Warehouse_Box006.ubulk" 1352
"C:/Users/b019810m/Documents/GitHub/ProjectCPPforGamesDesigners/CPPForGamesDesigners/CPPforGamesDesigners/Content/Models/Area1/MassiveWarehouse/Massive_Warehouse_Box006.uasset" 1353
"C:/Users/b019810m/Documents/GitHub/ProjectCPPforGamesDesigners/CPPForGamesDesigners/CPPforGamesDesigners/Content/Models/Area1/MassiveWarehouse/Massive_Warehouse_Box006.uexp" 1354
"C:/Users/b019810m/Documents/GitHub/ProjectCPPforGamesDesigners/CPPForGamesDesigners/CPPforGamesDesigners/Content/Models/Area2/BuildingWith4Roofs/Area__2_-_Building_with_Blocky_Roof_Box021.ubulk" 1355
"C:/Users/b019810m/Documents/GitHub/ProjectCPPforGamesDesigners/CPPForGamesDesigners/CPPforGamesDesigners/Content/Models/Area2/BuildingWith4Roofs/Area__2_-_Building_with_Blocky_Roof_Box021.uasset" 1356
"C:/Users/b019810m/Documents/GitHub/ProjectCPPforGamesDesigners/CPPForGamesDesigners/CPPforGamesDesigners/Content/Models/Area2/BuildingWith4Roofs/Area__2_-_Building_with_Blocky_Roof_Box021.uexp" 1357
"C:/Users/b019810m/Documents/GitHub/ProjectCPPforGamesDesigners/CPPForGamesDesigners/CPPforGamesDesigners/Content/Models/Hills/Hill__2.ubulk" 1358
"C:/Users/b019810m/Documents/GitHub/ProjectCPPforGamesDesigners/CPPForGamesDesigners/CPPforGamesDesigners/Content/Models/Hills/Hill__2.uasset" 1359
"C:/Users/b019810m/Documents/GitHub/ProjectCPPforGamesDesigners/CPPForGamesDesigners/CPPforGamesDesigners/Content/Models/Hills/Hill__2.uexp" 1360
"C:/Users/b019810m/Documents/GitHub/ProjectCPPforGamesDesigners/CPPForGamesDesigners/CPPforGamesDesigners/Content/LevelPrototyping/Meshes/SM_Cube.ubulk" 1361
"C:/Users/b019810m/Documents/GitHub/ProjectCPPforGamesDesigners/CPPForGamesDesigners/CPPforGamesDesigners/Content/LevelPrototyping/Meshes/SM_Cube.uasset" 1362
"C:/Users/b019810m/Documents/GitHub/ProjectCPPforGamesDesigners/CPPForGamesDesigners/CPPforGamesDesigners/Content/LevelPrototyping/Meshes/SM_Cube.uexp" 1363
"C:/Users/b019810m/Documents/GitHub/ProjectCPPforGamesDesigners/CPPForGamesDesigners/CPPforGamesDesigners/Content/MyObjective.uasset" 1364
"C:/Users/b019810m/Documents/GitHub/ProjectCPPforGamesDesigners/CPPForGamesDesigners/CPPforGamesDesigners/Content/MyObjective.uexp" 1365
"C:/Users/b019810m/Documents/GitHub/ProjectCPPforGamesDesigners/CPPForGamesDesigners/CPPforGamesDesigners/Content/MyObjectiveSpawner.uasset" 1366
"C:/Users/b019810m/Documents/GitHub/ProjectCPPforGamesDesigners/CPPForGamesDesigners/CPPforGamesDesigners/Content/MyObjectiveSpawner.uexp" 1367
"C:/Users/b019810m/Documents/GitHub/ProjectCPPforGamesDesigners/CPPForGamesDesigners/CPPforGamesDesigners/Content/Models/Area2/IndentedRoof/IndentedRoof_Box023.ubulk" 1368
"C:/Users/b019810m/Documents/GitHub/ProjectCPPforGamesDesigners/CPPForGamesDesigners/CPPforGamesDesigners/Content/Models/Area2/IndentedRoof/IndentedRoof_Box023.uasset" 1369
"C:/Users/b019810m/Documents/GitHub/ProjectCPPforGamesDesigners/CPPForGamesDesigners/CPPforGamesDesigners/Content/Models/Area2/IndentedRoof/IndentedRoof_Box023.uexp" 1370
"C:/Users/b019810m/Documents/GitHub/ProjectCPPforGamesDesigners/CPPForGamesDesigners/CPPforGamesDesigners/Content/Models/Area1/MassiveWarehouse/Massive_Warehouse_Box007.ubulk" 1371
"C:/Users/b019810m/Documents/GitHub/ProjectCPPforGamesDesigners/CPPForGamesDesigners/CPPforGamesDesigners/Content/Models/Area1/MassiveWarehouse/Massive_Warehouse_Box007.uasset" 1372
"C:/Users/b019810m/Documents/GitHub/ProjectCPPforGamesDesigners/CPPForGamesDesigners/CPPforGamesDesigners/Content/Models/Area1/MassiveWarehouse/Massive_Warehouse_Box007.uexp" 1373
"C:/Users/b019810m/Documents/GitHub/ProjectCPPforGamesDesigners/CPPForGamesDesigners/CPPforGamesDesigners/Content/Models/Hills/Cliff__2_-_Players_Base_-_Width.ubulk" 1374
"C:/Users/b019810m/Documents/GitHub/ProjectCPPforGamesDesigners/CPPForGamesDesigners/CPPforGamesDesigners/Content/Models/Hills/Cliff__2_-_Players_Base_-_Width.uasset" 1375
"C:/Users/b019810m/Documents/GitHub/ProjectCPPforGamesDesigners/CPPForGamesDesigners/CPPforGamesDesigners/Content/Models/Hills/Cliff__2_-_Players_Base_-_Width.uexp" 1376
"C:/Users/b019810m/Documents/GitHub/ProjectCPPforGamesDesigners/CPPForGamesDesigners/CPPforGamesDesigners/Content/Models/Area2/BuildingWith4Roofs/Area__2_-_Building_with_Blocky_Roof_Box020.ubulk" 1377
"C:/Users/b019810m/Documents/GitHub/ProjectCPPforGamesDesigners/CPPForGamesDesigners/CPPforGamesDesigners/Content/Models/Area2/BuildingWith4Roofs/Area__2_-_Building_with_Blocky_Roof_Box020.uasset" 1378
"C:/Users/b019810m/Documents/GitHub/ProjectCPPforGamesDesigners/CPPForGamesDesigners/CPPforGamesDesigners/Content/Models/Area2/BuildingWith4Roofs/Area__2_-_Building_with_Blocky_Roof_Box020.uexp" 1379
"C:/Users/b019810m/Documents/GitHub/ProjectCPPforGamesDesigners/CPPForGamesDesigners/CPPforGamesDesigners/Content/Models/Medium_Warehouse.ubulk" 1380
"C:/Users/b019810m/Documents/GitHub/ProjectCPPforGamesDesigners/CPPForGamesDesigners/CPPforGamesDesigners/Content/Models/Medium_Warehouse.uasset" 1381
"C:/Users/b019810m/Documents/GitHub/ProjectCPPforGamesDesigners/CPPForGamesDesigners/CPPforGamesDesigners/Content/Models/Medium_Warehouse.uexp" 1382
"C:/Users/b019810m/Documents/GitHub/ProjectCPPforGamesDesigners/CPPForGamesDesigners/CPPforGamesDesigners/Content/Models/Hills/Hill__1.ubulk" 1383
"C:/Users/b019810m/Documents/GitHub/ProjectCPPforGamesDesigners/CPPForGamesDesigners/CPPforGamesDesigners/Content/Models/Hills/Hill__1.uasset" 1384
"C:/Users/b019810m/Documents/GitHub/ProjectCPPforGamesDesigners/CPPForGamesDesigners/CPPforGamesDesigners/Content/Models/Hills/Hill__1.uexp" 1385
"../../../Engine/Content/BasicShapes/BasicShapeMaterial.uasset" 1386
"../../../Engine/Content/BasicShapes/BasicShapeMaterial.uexp" 1387
"C:/Users/b019810m/Documents/GitHub/ProjectCPPforGamesDesigners/CPPForGamesDesigners/CPPforGamesDesigners/Content/MyPickupPackage.uasset" 1388
"C:/Users/b019810m/Documents/GitHub/ProjectCPPforGamesDesigners/CPPForGamesDesigners/CPPforGamesDesigners/Content/MyPickupPackage.uexp" 1389
"C:/Users/b019810m/Documents/GitHub/ProjectCPPforGamesDesigners/CPPForGamesDesigners/CPPforGamesDesigners/Content/MyPackageSpawner.uasset" 1390
"C:/Users/b019810m/Documents/GitHub/ProjectCPPforGamesDesigners/CPPForGamesDesigners/CPPforGamesDesigners/Content/MyPackageSpawner.uexp" 1391
"C:/Users/b019810m/Documents/GitHub/ProjectCPPforGamesDesigners/CPPForGamesDesigners/CPPforGamesDesigners/Content/Models/Area2/BuildingWith4Roofs/Area__2_-_Building_with_Blocky_Roof_Box019.ubulk" 1392
"C:/Users/b019810m/Documents/GitHub/ProjectCPPforGamesDesigners/CPPForGamesDesigners/CPPforGamesDesigners/Content/Models/Area2/BuildingWith4Roofs/Area__2_-_Building_with_Blocky_Roof_Box019.uasset" 1393
"C:/Users/b019810m/Documents/GitHub/ProjectCPPforGamesDesigners/CPPForGamesDesigners/CPPforGamesDesigners/Content/Models/Area2/BuildingWith4Roofs/Area__2_-_Building_with_Blocky_Roof_Box019.uexp" 1394
"../../../Engine/Content/BasicShapes/Plane.ubulk" 1395
"../../../Engine/Content/BasicShapes/Plane.uasset" 1396
"../../../Engine/Content/BasicShapes/Plane.uexp" 1397
"C:/Users/b019810m/Documents/GitHub/ProjectCPPforGamesDesigners/CPPForGamesDesigners/CPPforGamesDesigners/Content/Level/C++_-_Level_Design.uasset" 1398
"C:/Users/b019810m/Documents/GitHub/ProjectCPPforGamesDesigners/CPPForGamesDesigners/CPPforGamesDesigners/Content/Level/C++_-_Level_Design.uexp" 1399
"C:/Users/b019810m/Documents/GitHub/ProjectCPPforGamesDesigners/CPPForGamesDesigners/CPPforGamesDesigners/Content/Level/C++_-_Level_Design_Mat.uasset" 1400
"C:/Users/b019810m/Documents/GitHub/ProjectCPPforGamesDesigners/CPPForGamesDesigners/CPPforGamesDesigners/Content/Level/C++_-_Level_Design_Mat.uexp" 1401
"C:/Users/b019810m/Documents/GitHub/ProjectCPPforGamesDesigners/CPPForGamesDesigners/CPPforGamesDesigners/Content/Audio/Late_Night_Radio.ubulk" 1402
"C:/Users/b019810m/Documents/GitHub/ProjectCPPforGamesDesigners/CPPForGamesDesigners/CPPforGamesDesigners/Content/Audio/Late_Night_Radio.uasset" 1403
"C:/Users/b019810m/Documents/GitHub/ProjectCPPforGamesDesigners/CPPForGamesDesigners/CPPforGamesDesigners/Content/Audio/Late_Night_Radio.uexp" 1404
"C:/Users/b019810m/Documents/GitHub/ProjectCPPforGamesDesigners/CPPForGamesDesigners/CPPforGamesDesigners/Content/MyAudioZone.uasset" 1405
"C:/Users/b019810m/Documents/GitHub/ProjectCPPforGamesDesigners/CPPForGamesDesigners/CPPforGamesDesigners/Content/MyAudioZone.uexp" 1406
"C:/Users/b019810m/Documents/GitHub/ProjectCPPforGamesDesigners/CPPForGamesDesigners/CPPforGamesDesigners/Content/Models/Hills/Cliff__4_-_Not_Players_Base_-_Width.ubulk" 1407
"C:/Users/b019810m/Documents/GitHub/ProjectCPPforGamesDesigners/CPPForGamesDesigners/CPPforGamesDesigners/Content/Models/Hills/Cliff__4_-_Not_Players_Base_-_Width.uasset" 1408
"C:/Users/b019810m/Documents/GitHub/ProjectCPPforGamesDesigners/CPPForGamesDesigners/CPPforGamesDesigners/Content/Models/Hills/Cliff__4_-_Not_Players_Base_-_Width.uexp" 1409
"C:/Users/b019810m/Documents/GitHub/ProjectCPPforGamesDesigners/CPPForGamesDesigners/CPPforGamesDesigners/Content/Models/Hills/Cliff__1_-Not_Players_Base_-_Length.ubulk" 1410
"C:/Users/b019810m/Documents/GitHub/ProjectCPPforGamesDesigners/CPPForGamesDesigners/CPPforGamesDesigners/Content/Models/Hills/Cliff__1_-Not_Players_Base_-_Length.uasset" 1411
"C:/Users/b019810m/Documents/GitHub/ProjectCPPforGamesDesigners/CPPForGamesDesigners/CPPforGamesDesigners/Content/Models/Hills/Cliff__1_-Not_Players_Base_-_Length.uexp" 1412
"C:/Users/b019810m/Documents/GitHub/ProjectCPPforGamesDesigners/CPPForGamesDesigners/CPPforGamesDesigners/Content/Models/Hills/Hill__3.ubulk" 1413
"C:/Users/b019810m/Documents/GitHub/ProjectCPPforGamesDesigners/CPPForGamesDesigners/CPPforGamesDesigners/Content/Models/Hills/Hill__3.uasset" 1414
"C:/Users/b019810m/Documents/GitHub/ProjectCPPforGamesDesigners/CPPForGamesDesigners/CPPforGamesDesigners/Content/Models/Hills/Hill__3.uexp" 1415
"C:/Users/b019810m/Documents/GitHub/ProjectCPPforGamesDesigners/CPPForGamesDesigners/CPPforGamesDesigners/Content/Level/Green.uasset" 1416
"C:/Users/b019810m/Documents/GitHub/ProjectCPPforGamesDesigners/CPPForGamesDesigners/CPPforGamesDesigners/Content/Level/Green.uexp" 1417
"C:/Users/b019810m/Documents/GitHub/ProjectCPPforGamesDesigners/CPPForGamesDesigners/CPPforGamesDesigners/Content/Characters/Mannequins/Animations/Manny/MM_T_Pose.uasset" 1418
"C:/Users/b019810m/Documents/GitHub/ProjectCPPforGamesDesigners/CPPForGamesDesigners/CPPforGamesDesigners/Content/Characters/Mannequins/Animations/Manny/MM_T_Pose.uexp" 1419
"C:/Users/b019810m/Documents/GitHub/ProjectCPPforGamesDesigners/CPPForGamesDesigners/CPPforGamesDesigners/Content/GameMainMenu/Main_Menu_For_Game.uasset" 1420
"C:/Users/b019810m/Documents/GitHub/ProjectCPPforGamesDesigners/CPPForGamesDesigners/CPPforGamesDesigners/Content/GameMainMenu/Main_Menu_For_Game.uexp" 1421
"C:/Users/b019810m/Documents/GitHub/ProjectCPPforGamesDesigners/CPPForGamesDesigners/CPPforGamesDesigners/Content/GameMainMenu/WBP_MainMenu.uasset" 1422
"C:/Users/b019810m/Documents/GitHub/ProjectCPPforGamesDesigners/CPPForGamesDesigners/CPPforGamesDesigners/Content/GameMainMenu/WBP_MainMenu.uexp" 1423
"C:/Users/b019810m/Documents/GitHub/ProjectCPPforGamesDesigners/CPPForGamesDesigners/CPPforGamesDesigners/Content/ThirdPerson/Blueprints/BP_PlayerController.uasset" 1424
"C:/Users/b019810m/Documents/GitHub/ProjectCPPforGamesDesigners/CPPForGamesDesigners/CPPforGamesDesigners/Content/ThirdPerson/Blueprints/BP_PlayerController.uexp" 1425
"C:/Users/b019810m/Documents/GitHub/ProjectCPPforGamesDesigners/CPPForGamesDesigners/CPPforGamesDesigners/Content/MyCPPforGamesDesignersGameMode.uasset" 1426
"C:/Users/b019810m/Documents/GitHub/ProjectCPPforGamesDesigners/CPPForGamesDesigners/CPPforGamesDesigners/Content/MyCPPforGamesDesignersGameMode.uexp" 1427
"C:/Users/b019810m/Documents/GitHub/ProjectCPPforGamesDesigners/CPPForGamesDesigners/CPPforGamesDesigners/Content/ThirdPersonMap.uexp" 1428
"C:/Users/b019810m/Documents/GitHub/ProjectCPPforGamesDesigners/CPPForGamesDesigners/CPPforGamesDesigners/Content/ThirdPersonMap.umap" 1429
"../../../Engine/Content/Maps/Entry_BuiltData.uasset" 1430
"../../../Engine/Content/Maps/Entry_BuiltData.uexp" 1431
"../../../Engine/Content/Maps/Entry.uexp" 1432
"../../../Engine/Content/Maps/Entry.umap" 1433
